"Sample name","Compound_on_Chip_","ID","group","value"
"HSC-44PE","Pazopanib","PGFRB_1014_1028","NR",-0.240822315
"MKN1","Pazopanib","SRC8_CHICK_470_482","NR",-0.160683751
"58As1","Pazopanib","FER_707_719","NR",-0.149511099
"MKN1","Pazopanib","RAF1_332_344","NR",0.041690987
"NCI-N87","Pazopanib","MBP_198_210","NR",-0.079672575
"HSC-45","Pazopanib","MBP_198_210","NR",-0.077441454
"HSC-43","Pazopanib","EPHA7_607_619","R",-0.551512361
"HSC-45","Pazopanib","41_654_666","NR",-0.496968031
"MKN7","Pazopanib","EPOR_419_431","NR",-0.515380621
"HSC-45","Pazopanib","MK12_178_190","NR",-0.153964996
"MKN74","Pazopanib","DDR1_506_518","NR",-0.023066759
"HSC-39","Pazopanib","VGFR2_1046_1058","R",0.127953053
"KATO III","Pazopanib","EPOR_361_373","R",-0.748845816
"58As1","Pazopanib","VINC_815_827","NR",-0.086001158
"NUGC-4","Pazopanib","ANXA2_17_29","NR",0.053358495
"HSC-45","Pazopanib","PECA1_706_718","NR",-0.847797394
"MKN7","Pazopanib","EPHB1_771_783","NR",-0.654964209
"NCI-N87","Pazopanib","ZAP70_485_497","NR",-0.323873043
"HSC-40A","Pazopanib","EGFR_1190_1202","R",-0.632100821
"HSC-40A","Pazopanib","DDR1_506_518","R",-0.17968905
"HSC-43","Pazopanib","FER_707_719","R",-0.410814047
"SNU-16","Pazopanib","ZBT16_621_633","R",-0.238070607
"OKAJIMA","Pazopanib","PRRX2_202_214","NR",-0.117963158
"MKN45","Pazopanib","ART_004_EAIYAAPFAKKKXC","NR",-0.098572575
"MKN7","Pazopanib","TEC_512_524","NR",-0.445706844
"OKAJIMA","Pazopanib","EGFR_1103_1115","NR",-0.101780891
"HSC-40A","Pazopanib","VGFR1_1162_1174","R",-0.142461121
"58As1","Pazopanib","NPT2A_501_513","NR",-0.014705181
"HSC-60","Pazopanib","EPOR_419_431","NR",-0.656356335
"IM95","Pazopanib","CALM_95_107","NR",-0.374392867
"MKN45","Pazopanib","JAK2_563_577","NR",-0.231762573
"58As1","Pazopanib","SRC8_CHICK_492_504","NR",-0.446586609
"OCUM-1","Pazopanib","41_654_666","NR",-0.347130418
"SNU-16","Pazopanib","VGFR1_1206_1218","R",0.041807771
"HSC-39","Pazopanib","FAK1_569_581","R",-0.295768142
"NUGC-3","Pazopanib","PGFRB_1014_1028","NR",-0.361027718
"MKN7","Pazopanib","PGFRB_771_783","NR",-0.326206923
"HSC-39","Pazopanib","CDK7_157_169","R",-0.292173862
"MKN45","Pazopanib","VINC_815_827","NR",0.160418987
"OCUM-1","Pazopanib","ZAP70_485_497","NR",-0.594055533
"OKAJIMA","Pazopanib","K2C8_425_437","NR",0.016257286
"KATO III","Pazopanib","PECA1_706_718","R",-0.71472764
"NUGC-3","Pazopanib","EPHA2_765_777","NR",-0.545628309
"SNU-16","Pazopanib","PGFRB_572_584","R",-0.389054179
"HSC-59","Pazopanib","MET_1227_1239","NR",-0.345655441
"JR-st","Pazopanib","K2C8_425_437","NR",-0.069515049
"HSC-39","Pazopanib","AMPE_5_17","R",-0.019957185
"HSC-39","Pazopanib","PAXI_24_36","R",-0.342176795
"HSC-58","Pazopanib","PGFRB_709_721","NR",-0.149614096
"SNU-16","Pazopanib","ODBA_340_352","R",-0.187795401
"OCUM-1","Pazopanib","PRGR_786_798","NR",-0.184155464
"MKN45","Pazopanib","ACHD_383_395","NR",0.102115713
"HSC-59","Pazopanib","FER_707_719","NR",-0.267979622
"HSC-58","Pazopanib","CBL_693_705","NR",-0.332233191
"HSC-45","Pazopanib","RAF1_332_344","NR",-0.371247053
"HSC-39","Pazopanib","FGFR2_762_774","R",-0.500162959
"MKN28","Pazopanib","LAT_194_206","NR",-0.083652735
"58As1","Pazopanib","EPHA1_774_786","NR",-0.248181105
"SNU-16","Pazopanib","CDK2_8_20","R",-0.526518583
"HSC-44PE","Pazopanib","PDPK1_369_381","NR",-0.382924438
"HSC-43","Pazopanib","CD3Z_146_158","R",-0.008298576
"KATO III","Pazopanib","MK12_178_190","R",-0.242651582
"KATO III","Pazopanib","VGFR2_944_956","R",-0.51644218
"MKN45","Pazopanib","MBP_259_271","NR",0.089707218
"HSC-40A","Pazopanib","PDPK1_2_14","R",-0.538153052
"NUGC-3","Pazopanib","ODBA_340_352","NR",-0.363742948
"NCI-N87","Pazopanib","PGFRB_768_780","NR",-0.187375382
"HSC-39","Pazopanib","EPHA2_765_777","R",-0.559120417
"NUGC-3","Pazopanib","MK01_180_192","NR",-0.10596323
"OCUM-1","Pazopanib","EGFR_1103_1115","NR",-0.151545286
"MKN1","Pazopanib","VGFR1_1162_1174","NR",0.110434055
"OCUM-1","Pazopanib","MK10_216_228","NR",-0.097658396
"NUGC-4","Pazopanib","EPHB1_771_783","NR",-0.531818628
"JR-st","Pazopanib","EPHB1_921_933","NR",0.018971682
"MKN1","Pazopanib","CDK7_157_169","NR",0.193589211
"MKN74","Pazopanib","CTNB1_79_91","NR",-0.430322528
"KATO III","Pazopanib","DCX_109_121","R",-0.480191469
"OKAJIMA","Pazopanib","CDK2_8_20","NR",0.164560869
"HSC-40A","Pazopanib","RET_1022_1034","R",-0.372023344
"NUGC-3","Pazopanib","NCF1_313_325","NR",-0.103017092
"NUGC-4","Pazopanib","EPHA1_774_786","NR",-0.448649526
"MKN28","Pazopanib","FGFR1_761_773","NR",-0.071913481
"HSC-59","Pazopanib","ACHD_383_395","NR",-0.330615401
"HSC-39","Pazopanib","FGFR1_761_773","R",-0.368370533
"IM95","Pazopanib","LAT_249_261","NR",-0.59961915
"MKN45","Pazopanib","ANXA1_14_26","NR",0.057039421
"44As3","Pazopanib","FES_706_718","NR",-0.75284338
"NUGC-4","Pazopanib","RON_1353_1365","NR",-0.168143332
"44As3","Pazopanib","RASA1_453_465","NR",-0.441344619
"MKN28","Pazopanib","DCX_109_121","NR",0.030594349
"NUGC-3","Pazopanib","AMPE_5_17","NR",0.077977538
"KATO III","Pazopanib","ENOG_37_49","R",-0.702135324
"MKN74","Pazopanib","EPHA1_774_786","NR",-0.456764936
"HSC-58","Pazopanib","LCK_387_399","NR",-0.30338788
"58As1","Pazopanib","MK14_173_185","NR",-0.16555047
"44As3","Pazopanib","EPHA1_774_786","NR",-0.618488789
"HSC-44PE","Pazopanib","NCF1_313_325","NR",0.108149529
"HSC-43","Pazopanib","MK10_216_228","R",-0.531447411
"OKAJIMA","Pazopanib","PDPK1_2_14","NR",-0.077895559
"HSC-59","Pazopanib","MK07_211_223","NR",-0.256819129
"NUGC-3","Pazopanib","RAF1_332_344","NR",-0.371580601
"HSC-39","Pazopanib","EGFR_1190_1202","R",-0.421019316
"HSC-40A","Pazopanib","FGFR2_762_774","R",-0.461925745
"HSC-59","Pazopanib","EPHA7_607_619","NR",-0.328512907
"SNU-16","Pazopanib","EFS_246_258","R",-0.591262102
"MKN1","Pazopanib","VGFR1_1206_1218","NR",0.127636671
"HSC-44PE","Pazopanib","EFS_246_258","NR",-0.489025831
"JR-st","Pazopanib","VGFR3_1061_1073","NR",-0.059042275
"HSC-58","Pazopanib","DCX_109_121","NR",-0.067293644
"HSC-60","Pazopanib","RET_1022_1034","NR",-0.42918849
"HSC-39","Pazopanib","CTNB1_79_91","R",-0.128559709
"SNU-16","Pazopanib","NTRK2_696_708","R",-0.452428937
"HSC-58","Pazopanib","VGFR2_1052_1064","NR",0.015000343
"HSC-39","Pazopanib","JAK1_1015_1027","R",-0.385503292
"HSC-58","Pazopanib","TEC_512_524","NR",-0.193315744
"OCUM-1","Pazopanib","VGFR2_1046_1058","NR",-0.012352228
"NUGC-3","Pazopanib","ART_004_EAIYAAPFAKKKXC","NR",-0.551033735
"HSC-60","Pazopanib","PGFRB_768_780","NR",-0.134966612
"HSC-45","Pazopanib","TNNT1_2_14","NR",-0.183371067
"MKN1","Pazopanib","NPT2A_501_513","NR",0.228032276
"OKAJIMA","Pazopanib","NPT2A_501_513","NR",0.101178326
"NUGC-3","Pazopanib","VGFR1_1326_1338","NR",-0.384561658
"58As1","Pazopanib","EGFR_1103_1115","NR",-0.004446149
"MKN45","Pazopanib","FGFR3_753_765","NR",0.137772724
"KATO III","Pazopanib","MBP_263_275","R",-0.30597198
"IM95","Pazopanib","DCX_109_121","NR",-0.562641978
"SNU-16","Pazopanib","MBP_259_271","R",-0.174872994
"MKN28","Pazopanib","FAK1_569_581","NR",-0.002364794
"OKAJIMA","Pazopanib","PLCG1_764_776","NR",-0.12840493
"HSC-39","Pazopanib","VGFR1_1162_1174","R",-0.080447853
"OKAJIMA","Pazopanib","ERBB2_870_882","NR",0.088051952
"SNU-16","Pazopanib","VGFR2_944_956","R",-0.533827662
"HSC-60","Pazopanib","EPHA2_765_777","NR",-0.522015572
"KATO III","Pazopanib","ERBB2_870_882","R",-0.965871811
"SNU-16","Pazopanib","EPOR_419_431","R",-0.536202073
"MKN7","Pazopanib","CRK_214_226","NR",-0.446753561
"NUGC-4","Pazopanib","EPOR_361_373","NR",-0.45701158
"KATO III","Pazopanib","EPHB1_771_783","R",-0.542464852
"44As3","Pazopanib","VGFR2_1052_1064","NR",-0.51891458
"NUGC-3","Pazopanib","FGFR1_761_773","NR",0.237542391
"MKN28","Pazopanib","EPOR_361_373","NR",-0.2538279
"MKN74","Pazopanib","VGFR2_989_1001","NR",-0.437813163
"HSC-39","Pazopanib","VGFR1_1326_1338","R",-0.221531749
"HSC-39","Pazopanib","MK14_173_185","R",-0.295240939
"MKN28","Pazopanib","ENOG_37_49","NR",-0.594105244
"HSC-60","Pazopanib","MBP_259_271","NR",-0.104240596
"HSC-59","Pazopanib","RAF1_332_344","NR",0.073235273
"OCUM-1","Pazopanib","EFS_246_258","NR",-0.622256279
"HSC-43","Pazopanib","FGFR2_762_774","R",-0.655705214
"OCUM-1","Pazopanib","MK07_211_223","NR",-0.331165791
"HSC-60","Pazopanib","CALM_95_107","NR",-0.324844003
"HSC-40A","Pazopanib","LAT_249_261","R",-0.668609619
"JR-st","Pazopanib","VGFR1_1162_1174","NR",0.027490914
"HSC-60","Pazopanib","CDK2_8_20","NR",-0.545463085
"MKN45","Pazopanib","PTN11_539_551","NR",0.01165247
"HSC-40A","Pazopanib","41_654_666","R",-0.41682601
"HSC-60","Pazopanib","TNNT1_2_14","NR",-0.314601541
"MKN1","Pazopanib","TNNT1_2_14","NR",0.094388448
"44As3","Pazopanib","DCX_109_121","NR",-0.200647235
"OKAJIMA","Pazopanib","LAT_194_206","NR",0.042430717
"SNU-16","Pazopanib","ERBB2_1241_1253","R",-0.23191905
"MKN1","Pazopanib","EPHA1_774_786","NR",0.070812859
"JR-st","Pazopanib","TYRO3_679_691","NR",-0.034245014
"HSC-59","Pazopanib","VGFR3_1061_1073","NR",-0.198006988
"MKN45","Pazopanib","ZAP70_485_497","NR",-0.009329955
"HSC-59","Pazopanib","CD3Z_146_158","NR",-0.10254997
"SNU-16","Pazopanib","TNNT1_2_14","R",-0.115555406
"IM95","Pazopanib","ERBB2_1241_1253","NR",-0.232953668
"NUGC-4","Pazopanib","VINC_815_827","NR",-0.087421298
"NCI-N87","Pazopanib","JAK1_1015_1027","NR",-0.280702442
"MKN45","Pazopanib","MBP_198_210","NR",-0.109117351
"HSC-39","Pazopanib","FRK_380_392","R",-0.588855743
"HSC-60","Pazopanib","PLCG1_764_776","NR",-0.659995794
"MKN7","Pazopanib","DYR1A_312_324","NR",-0.189625502
"MKN28","Pazopanib","MBP_198_210","NR",0.159371689
"HSC-60","Pazopanib","TYRO3_679_691","NR",-0.277560592
"HSC-39","Pazopanib","C1R_199_211","R",-0.422154725
"KATO III","Pazopanib","ANXA2_17_29","R",-0.379348099
"HSC-45","Pazopanib","VGFR1_1040_1052","NR",-0.234113455
"SNU-16","Pazopanib","VGFR1_1040_1052","R",-0.254948497
"MKN45","Pazopanib","EFS_246_258","NR",-0.476263046
"MKN1","Pazopanib","ODBA_340_352","NR",-0.222530246
"NUGC-3","Pazopanib","VGFR1_1162_1174","NR",0.12359482
"HSC-45","Pazopanib","SRC8_CHICK_470_482","NR",0.017033815
"KATO III","Pazopanib","FGFR2_762_774","R",-1.165382147
"HSC-40A","Pazopanib","AMPE_5_17","R",-0.492866635
"HSC-43","Pazopanib","B3AT_39_51","R",-0.359785557
"MKN28","Pazopanib","PGFRB_771_783","NR",-0.46420002
"MKN7","Pazopanib","SRC8_CHICK_470_482","NR",0.072436213
"MKN45","Pazopanib","EPHA1_774_786","NR",-0.257591099
"HSC-59","Pazopanib","DDR1_506_518","NR",-0.136456728
"HSC-58","Pazopanib","CD3Z_146_158","NR",-0.245213866
"HSC-44PE","Pazopanib","EPHB4_583_595","NR",0.248970985
"NUGC-3","Pazopanib","EGFR_1190_1202","NR",-0.177846253
"NUGC-4","Pazopanib","CD79A_181_193","NR",-0.556852579
"58As1","Pazopanib","PAXI_24_36","NR",-0.403834581
"MKN45","Pazopanib","FAK2_572_584","NR",0.00909106
"SNU-16","Pazopanib","EGFR_1190_1202","R",-0.717440009
"NUGC-3","Pazopanib","P85A_600_612","NR",-0.696807027
"HSC-39","Pazopanib","CD79A_181_193","R",-0.494250298
"HSC-40A","Pazopanib","PGFRB_1002_1014","R",-0.470388532
"HSC-45","Pazopanib","AMPE_5_17","NR",0.11062789
"IM95","Pazopanib","PECA1_706_718","NR",-0.881906986
"OCUM-1","Pazopanib","VGFR2_989_1001","NR",-0.631147623
"KATO III","Pazopanib","CTNB1_79_91","R",-0.212634563
"OKAJIMA","Pazopanib","MBP_198_210","NR",-0.000213703
"HSC-39","Pazopanib","PDPK1_2_14","R",-0.414909244
"HSC-39","Pazopanib","FES_706_718","R",-0.45254302
"SNU-16","Pazopanib","FGFR2_762_774","R",-0.364808559
"HSC-40A","Pazopanib","VGFR2_989_1001","R",-0.546081305
"44As3","Pazopanib","TEC_512_524","NR",-0.378183961
"MKN45","Pazopanib","PDPK1_2_14","NR",-0.119115196
"44As3","Pazopanib","PP2AB_297_309","NR",-0.139136672
"KATO III","Pazopanib","MET_1227_1239","R",-1.015690565
"OKAJIMA","Pazopanib","INSR_992_1004","NR",0.067121901
"HSC-58","Pazopanib","FRK_380_392","NR",-0.366536617
"44As3","Pazopanib","PRGR_786_798","NR",-0.314694285
"HSC-44PE","Pazopanib","ERBB2_870_882","NR",-0.083829045
"HSC-40A","Pazopanib","EPOR_419_431","R",-0.484781265
"OCUM-1","Pazopanib","PAXI_24_36","NR",-0.519537807
"MKN74","Pazopanib","RET_1022_1034","NR",-0.421797276
"MKN74","Pazopanib","PP2AB_297_309","NR",-0.304735899
"HSC-59","Pazopanib","CRK_214_226","NR",-0.134623468
"IM95","Pazopanib","ERBB4_1277_1289","NR",-0.330644846
"HSC-44PE","Pazopanib","FAK2_572_584","NR",-0.153763413
"MKN28","Pazopanib","41_654_666","NR",-0.084311567
"MKN7","Pazopanib","PP2AB_297_309","NR",-0.107839942
"HSC-43","Pazopanib","FAK2_572_584","R",-0.510388851
"MKN1","Pazopanib","FGFR3_753_765","NR",-0.107126079
"58As1","Pazopanib","EPHA7_607_619","NR",-0.216008186
"MKN1","Pazopanib","CD3Z_116_128","NR",-0.330719382
"44As3","Pazopanib","MBP_259_271","NR",-0.171859384
"44As3","Pazopanib","ERBB4_1277_1289","NR",-0.441221476
"HSC-40A","Pazopanib","PAXI_24_36","R",-0.558170319
"HSC-43","Pazopanib","PLCG1_764_776","R",-0.532053947
"HSC-43","Pazopanib","VGFR1_1326_1338","R",-0.523294687
"KATO III","Pazopanib","EPHA7_607_619","R",-0.611465931
"HSC-44PE","Pazopanib","MK01_180_192","NR",-0.106936693
"NUGC-3","Pazopanib","VGFR2_989_1001","NR",-0.638512492
"MKN1","Pazopanib","MK07_211_223","NR",-0.157250881
"KATO III","Pazopanib","C1R_199_211","R",-0.133945823
"MKN74","Pazopanib","AMPE_5_17","NR",0.281372666
"44As3","Pazopanib","K2C6B_53_65","NR",-0.21029222
"IM95","Pazopanib","MBP_259_271","NR",0.074819446
"HSC-44PE","Pazopanib","PAXI_24_36","NR",-0.537373543
"58As1","Pazopanib","FGFR3_753_765","NR",-0.186181307
"HSC-60","Pazopanib","VGFR3_1061_1073","NR",-0.236071944
"JR-st","Pazopanib","ERBB4_1277_1289","NR",-0.270117879
"MKN28","Pazopanib","ACHD_383_395","NR",-0.009400845
"SNU-16","Pazopanib","FGFR3_753_765","R",-0.375225663
"MKN45","Pazopanib","ENOG_37_49","NR",-0.455219597
"44As3","Pazopanib","RET_1022_1034","NR",-0.555716991
"HSC-39","Pazopanib","PGFRB_1002_1014","R",-0.516058445
"HSC-40A","Pazopanib","ART_004_EAIYAAPFAKKKXC","R",-0.640993595
"NUGC-4","Pazopanib","FGFR1_761_773","NR",-0.141534328
"58As1","Pazopanib","EPHA2_765_777","NR",-0.383823395
"KATO III","Pazopanib","RASA1_453_465","R",-0.491649151
"MKN45","Pazopanib","TNNT1_2_14","NR",-0.046987057
"MKN45","Pazopanib","MK14_173_185","NR",-0.221064806
"MKN45","Pazopanib","RON_1346_1358","NR",0.02315855
"HSC-58","Pazopanib","VGFR1_1206_1218","NR",-0.439805031
"MKN74","Pazopanib","VGFR1_1206_1218","NR",-0.09179467
"HSC-43","Pazopanib","JAK2_563_577","R",-0.27562964
"MKN45","Pazopanib","EPOR_419_431","NR",-0.193163082
"HSC-58","Pazopanib","AMPE_5_17","NR",0.158854246
"SNU-16","Pazopanib","KSYK_518_530","R",-0.42665112
"MKN45","Pazopanib","VGFR2_944_956","NR",-0.055499714
"NCI-N87","Pazopanib","TNNT1_2_14","NR",-0.082944714
"IM95","Pazopanib","EPHB1_771_783","NR",-0.500479937
"NCI-N87","Pazopanib","NCF1_313_325","NR",-0.010035276
"JR-st","Pazopanib","PGFRB_1014_1028","NR",-0.479111075
"HSC-59","Pazopanib","P85A_600_612","NR",-0.318700671
"HSC-43","Pazopanib","MK01_180_192","R",-0.125821829
"HSC-43","Pazopanib","EPOR_361_373","R",-0.633150101
"44As3","Pazopanib","TYRO3_679_691","NR",-0.275202274
"MKN7","Pazopanib","PDPK1_2_14","NR",-0.537001848
"HSC-40A","Pazopanib","KSYK_518_530","R",-0.392146349
"IM95","Pazopanib","PGFRB_768_780","NR",-0.178350091
"HSC-59","Pazopanib","VGFR1_1040_1052","NR",0.040575027
"MKN1","Pazopanib","RASA1_453_465","NR",0.1051929
"MKN1","Pazopanib","FGFR2_762_774","NR",-0.203552485
"NUGC-4","Pazopanib","VGFR1_1040_1052","NR",-0.08820188
"HSC-40A","Pazopanib","MET_1227_1239","R",-0.616949797
"NCI-N87","Pazopanib","LAT_249_261","NR",-0.338571221
"HSC-45","Pazopanib","CD3Z_146_158","NR",-0.329108715
"MKN74","Pazopanib","JAK2_563_577","NR",-0.33960712
"HSC-59","Pazopanib","VGFR2_989_1001","NR",-0.398570895
"HSC-58","Pazopanib","EPHA2_765_777","NR",-0.39215517
"MKN7","Pazopanib","DDR1_506_518","NR",-0.261059761
"HSC-39","Pazopanib","MK12_178_190","R",0.055509329
"HSC-60","Pazopanib","CRK_214_226","NR",0.110420525
"HSC-58","Pazopanib","CDK2_8_20","NR",-0.369826317
"OCUM-1","Pazopanib","CD3Z_146_158","NR",-0.10193491
"MKN74","Pazopanib","SRC8_CHICK_476_488","NR",-0.715395927
"JR-st","Pazopanib","MK07_211_223","NR",-0.200440586
"HSC-39","Pazopanib","ERBB4_1277_1289","R",-0.394592047
"MKN1","Pazopanib","AMPE_5_17","NR",0.095540203
"HSC-43","Pazopanib","MK12_178_190","R",-0.226030111
"MKN28","Pazopanib","MK10_216_228","NR",-0.08679048
"MKN28","Pazopanib","VGFR2_1046_1058","NR",-0.110231996
"MKN1","Pazopanib","VGFR3_1061_1073","NR",0.078306794
"SNU-16","Pazopanib","SRC8_CHICK_470_482","R",0.014480889
"MKN1","Pazopanib","FGFR1_761_773","NR",-0.132046938
"MKN28","Pazopanib","MET_1227_1239","NR",-0.361242294
"HSC-44PE","Pazopanib","MBP_263_275","NR",0.31278497
"IM95","Pazopanib","EPHA4_589_601","NR",0.212032199
"44As3","Pazopanib","NTRK1_489_501","NR",-0.041040421
"HSC-58","Pazopanib","VGFR1_1326_1338","NR",-0.184583664
"MKN74","Pazopanib","VGFR2_1046_1058","NR",-0.066576719
"MKN45","Pazopanib","CALM_95_107","NR",-0.05447356
"KATO III","Pazopanib","FRK_380_392","R",-0.532773137
"44As3","Pazopanib","MK12_178_190","NR",-0.08934319
"HSC-60","Pazopanib","ZAP70_485_497","NR",-0.556315422
"HSC-44PE","Pazopanib","TEC_512_524","NR",0.092602849
"44As3","Pazopanib","CD3Z_146_158","NR",-0.53030169
"MKN28","Pazopanib","MK12_178_190","NR",-0.069934286
"SNU-16","Pazopanib","CRK_214_226","R",-0.225027144
"NCI-N87","Pazopanib","EPHB1_921_933","NR",0.129335448
"HSC-45","Pazopanib","FGFR1_761_773","NR",-0.242407799
"HSC-39","Pazopanib","VGFR2_1052_1064","R",-0.494701684
"NUGC-3","Pazopanib","PDPK1_369_381","NR",-0.330681324
"NUGC-4","Pazopanib","K2C6B_53_65","NR",-0.426680923
"HSC-40A","Pazopanib","VGFR1_1206_1218","R",-0.282876134
"58As1","Pazopanib","SRC8_CHICK_476_488","NR",-0.545643568
"NUGC-4","Pazopanib","RON_1346_1358","NR",-0.140882611
"NUGC-3","Pazopanib","DCX_109_121","NR",-0.137580872
"MKN7","Pazopanib","C1R_199_211","NR",-0.269016266
"44As3","Pazopanib","PECA1_706_718","NR",-0.71519804
"NCI-N87","Pazopanib","VGFR1_1049_1061","NR",0.418459564
"MKN74","Pazopanib","K2C6B_53_65","NR",-0.198082209
"MKN45","Pazopanib","ERBB2_1241_1253","NR",0.01339833
"HSC-40A","Pazopanib","ERBB4_1181_1193","R",-0.181219101
"MKN1","Pazopanib","EPHA7_607_619","NR",-0.236832932
"SNU-16","Pazopanib","RAF1_332_344","R",-0.24960947
"44As3","Pazopanib","ACHD_383_395","NR",-0.301798224
"HSC-58","Pazopanib","RB_804_816","NR",-0.026486397
"58As1","Pazopanib","DYR1A_212_224","NR",0.159020185
"JR-st","Pazopanib","EPHA2_765_777","NR",-0.617853165
"HSC-58","Pazopanib","SRC8_CHICK_476_488","NR",-0.450785637
"58As1","Pazopanib","LCK_387_399","NR",-0.075852394
"MKN45","Pazopanib","41_654_666","NR",0.039754707
"HSC-40A","Pazopanib","FAK1_569_581","R",-0.397335529
"NCI-N87","Pazopanib","ERBB2_870_882","NR",-0.080540977
"MKN7","Pazopanib","NTRK2_696_708","NR",-0.154917955
"HSC-44PE","Pazopanib","EPHB1_771_783","NR",-0.394335032
"KATO III","Pazopanib","ERBB4_1181_1193","R",-0.266987324
"HSC-39","Pazopanib","MBP_198_210","R",-0.188147664
"MKN1","Pazopanib","MK01_180_192","NR",-0.059642632
"OKAJIMA","Pazopanib","EPHB1_921_933","NR",0.182790205
"MKN7","Pazopanib","ERBB2_1241_1253","NR",-0.380767345
"MKN74","Pazopanib","EPHA4_589_601","NR",-0.073826015
"HSC-60","Pazopanib","VGFR1_1326_1338","NR",-0.436058044
"HSC-45","Pazopanib","FRK_380_392","NR",-0.752977371
"HSC-44PE","Pazopanib","VGFR3_1061_1073","NR",-0.037773013
"NCI-N87","Pazopanib","EPHA1_774_786","NR",-0.348308414
"SNU-16","Pazopanib","EGFR_1165_1177","R",-0.351983905
"JR-st","Pazopanib","41_654_666","NR",-0.497852206
"KATO III","Pazopanib","CALM_95_107","R",-0.334412873
"JR-st","Pazopanib","VGFR2_1168_1180","NR",0.12163645
"HSC-44PE","Pazopanib","VGFR2_1052_1064","NR",-0.172139108
"KATO III","Pazopanib","LAT_249_261","R",-0.607341528
"NUGC-3","Pazopanib","VGFR1_1206_1218","NR",0.070513129
"NUGC-4","Pazopanib","DYR1A_312_324","NR",-0.581337929
"OKAJIMA","Pazopanib","MK01_180_192","NR",0.289463133
"NUGC-4","Pazopanib","INSR_992_1004","NR",-0.334272981
"HSC-40A","Pazopanib","DCX_109_121","R",-0.224074244
"HSC-59","Pazopanib","EPHB1_771_783","NR",-0.360927105
"MKN7","Pazopanib","VGFR2_1052_1064","NR",-0.415178299
"IM95","Pazopanib","EPHB4_583_595","NR",-0.146201551
"MKN74","Pazopanib","EGFR_1190_1202","NR",-0.133753061
"MKN28","Pazopanib","CD3Z_146_158","NR",-0.202934936
"HSC-39","Pazopanib","DYR1A_212_224","R",-0.5852198
"NCI-N87","Pazopanib","EPOR_361_373","NR",-0.481589884
"SNU-16","Pazopanib","VGFR1_1162_1174","R",0.065173328
"MKN28","Pazopanib","EPHB4_583_595","NR",0.130249336
"NCI-N87","Pazopanib","CD3Z_146_158","NR",-0.245966092
"HSC-40A","Pazopanib","FGFR1_761_773","R",-0.416160345
"HSC-60","Pazopanib","C1R_199_211","NR",-0.402620554
"IM95","Pazopanib","VGFR2_1168_1180","NR",-0.22656548
"HSC-60","Pazopanib","K2C8_425_437","NR",-0.418830633
"HSC-58","Pazopanib","ANXA1_14_26","NR",-0.381291628
"MKN7","Pazopanib","CDK7_157_169","NR",-0.031110764
"58As1","Pazopanib","NCF1_313_325","NR",-0.006933212
"MKN74","Pazopanib","ART_004_EAIYAAPFAKKKXC","NR",-0.590751648
"SNU-16","Pazopanib","FAK2_572_584","R",-0.443907261
"MKN74","Pazopanib","ERBB4_1277_1289","NR",-0.354853272
"NCI-N87","Pazopanib","AMPE_5_17","NR",0.0958426
"HSC-43","Pazopanib","PAXI_111_123","R",-0.593698502
"HSC-39","Pazopanib","PRRX2_202_214","R",-0.541574717
"HSC-45","Pazopanib","PGFRB_768_780","NR",-0.522885084
"HSC-60","Pazopanib","PGFRB_771_783","NR",-0.510242522
"NUGC-4","Pazopanib","DCX_109_121","NR",-0.055805206
"JR-st","Pazopanib","KSYK_518_530","NR",0.037239313
"44As3","Pazopanib","VINC_815_827","NR",-0.235167265
"OKAJIMA","Pazopanib","PGFRB_771_783","NR",-0.211779878
"58As1","Pazopanib","K2C6B_53_65","NR",-0.163779259
"HSC-43","Pazopanib","RB_804_816","R",-0.490671158
"MKN74","Pazopanib","PGFRB_771_783","NR",-0.324520826
"MKN28","Pazopanib","EPOR_419_431","NR",-0.394852549
"HSC-39","Pazopanib","NTRK2_696_708","R",-0.348254919
"OKAJIMA","Pazopanib","PGFRB_1014_1028","NR",-0.025944233
"SNU-16","Pazopanib","LAT_194_206","R",-0.24433589
"HSC-43","Pazopanib","SRC8_CHICK_476_488","R",-0.575035572
"OKAJIMA","Pazopanib","VGFR2_1052_1064","NR",0.066188492
"HSC-60","Pazopanib","ERBB4_1181_1193","NR",-0.32099086
"MKN7","Pazopanib","PGFRB_572_584","NR",-0.343969822
"OCUM-1","Pazopanib","PLCG1_764_776","NR",-0.498881102
"58As1","Pazopanib","EPHB1_921_933","NR",-0.001925468
"HSC-39","Pazopanib","MET_1227_1239","R",-0.557115436
"MKN1","Pazopanib","P85A_600_612","NR",-0.124615274
"HSC-44PE","Pazopanib","RON_1346_1358","NR",-0.16917932
"KATO III","Pazopanib","SRC8_CHICK_470_482","R",-0.132178962
"OKAJIMA","Pazopanib","PDPK1_369_381","NR",0.133034781
"MKN74","Pazopanib","PAXI_111_123","NR",-0.551095724
"58As1","Pazopanib","FGFR1_761_773","NR",0.070656776
"HSC-45","Pazopanib","ERBB4_1181_1193","NR",-0.379077554
"OCUM-1","Pazopanib","TNNT1_2_14","NR",-0.353146911
"44As3","Pazopanib","PGFRB_1014_1028","NR",-0.367133141
"HSC-60","Pazopanib","RB_804_816","NR",-0.326736093
"HSC-45","Pazopanib","MK01_180_192","NR",-0.112444401
"HSC-45","Pazopanib","VGFR2_944_956","NR",-0.275282145
"MKN1","Pazopanib","FAK1_569_581","NR",-0.016988039
"HSC-43","Pazopanib","VGFR2_1168_1180","R",-0.707373857
"NUGC-3","Pazopanib","ANXA1_14_26","NR",-0.504471302
"NUGC-3","Pazopanib","INSR_992_1004","NR",-0.198983073
"MKN45","Pazopanib","PGFRB_1014_1028","NR",-0.126343086
"JR-st","Pazopanib","VGFR1_1049_1061","NR",0.136354923
"NCI-N87","Pazopanib","PRRX2_202_214","NR",-0.340792805
"NCI-N87","Pazopanib","VGFR2_989_1001","NR",-0.506242752
"MKN74","Pazopanib","NPT2A_501_513","NR",-0.121212602
"58As1","Pazopanib","PGFRB_572_584","NR",-0.264614582
"HSC-43","Pazopanib","KSYK_518_530","R",-0.436991334
"JR-st","Pazopanib","PECA1_706_718","NR",-0.509617209
"MKN28","Pazopanib","ZAP70_485_497","NR",-0.026360512
"KATO III","Pazopanib","KSYK_518_530","R",-0.637191176
"HSC-43","Pazopanib","EPHB4_583_595","R",-0.245213747
"NCI-N87","Pazopanib","MK14_173_185","NR",-0.115455508
"NCI-N87","Pazopanib","VINC_815_827","NR",0.10874486
"HSC-60","Pazopanib","AMPE_5_17","NR",-0.055187583
"HSC-60","Pazopanib","RON_1346_1358","NR",-0.474711537
"JR-st","Pazopanib","VGFR2_989_1001","NR",-0.441827536
"HSC-44PE","Pazopanib","ERBB2_1241_1253","NR",-0.443123102
"HSC-58","Pazopanib","CD79A_181_193","NR",-0.466375828
"KATO III","Pazopanib","FGFR3_753_765","R",-1.19998157
"HSC-60","Pazopanib","RASA1_453_465","NR",-0.704907775
"NCI-N87","Pazopanib","RET_1022_1034","NR",-0.352340072
"HSC-40A","Pazopanib","CD79A_181_193","R",-0.640600443
"HSC-44PE","Pazopanib","RASA1_453_465","NR",-0.835203648
"KATO III","Pazopanib","JAK1_1015_1027","R",-0.988549352
"NCI-N87","Pazopanib","FER_707_719","NR",-0.450337082
"HSC-59","Pazopanib","ZAP70_485_497","NR",-0.363052607
"NUGC-4","Pazopanib","ERBB2_870_882","NR",-0.054867506
"NUGC-3","Pazopanib","ERBB4_1181_1193","NR",-0.158324957
"MKN7","Pazopanib","EGFR_1190_1202","NR",-0.090121984
"NUGC-3","Pazopanib","PDPK1_2_14","NR",-0.56228888
"HSC-59","Pazopanib","RON_1353_1365","NR",-0.028284013
"HSC-40A","Pazopanib","CDK7_157_169","R",-0.227664292
"NCI-N87","Pazopanib","FAK2_572_584","NR",-0.313080072
"HSC-58","Pazopanib","TNNT1_2_14","NR",-0.015631914
"HSC-40A","Pazopanib","PECA1_706_718","R",-0.637609839
"NUGC-3","Pazopanib","C1R_199_211","NR",-0.191798449
"OKAJIMA","Pazopanib","DCX_109_121","NR",0.0412062
"HSC-39","Pazopanib","PGFRB_768_780","R",-0.232557654
"MKN1","Pazopanib","VGFR1_1326_1338","NR",0.01044472
"JR-st","Pazopanib","CD3Z_116_128","NR",-0.203727245
"OKAJIMA","Pazopanib","RAF1_332_344","NR",0.022530397
"MKN28","Pazopanib","RB_804_816","NR",-0.099252619
"HSC-43","Pazopanib","K2C6B_53_65","R",-0.361619592
"NUGC-3","Pazopanib","NPT2A_501_513","NR",-0.029325485
"HSC-58","Pazopanib","MK01_180_192","NR",0.010545492
"MKN1","Pazopanib","ZAP70_485_497","NR",0.135442182
"MKN1","Pazopanib","PGFRB_1002_1014","NR",-0.031058868
"JR-st","Pazopanib","NTRK1_489_501","NR",-0.204371333
"HSC-45","Pazopanib","ANXA2_17_29","NR",-0.153390646
"58As1","Pazopanib","B3AT_39_51","NR",-0.058892488
"HSC-58","Pazopanib","PECA1_706_718","NR",-0.284077168
"44As3","Pazopanib","RON_1346_1358","NR",-0.306604981
"IM95","Pazopanib","DYR1A_212_224","NR",0.093829215
"NCI-N87","Pazopanib","DYR1A_312_324","NR",-0.018612465
"MKN28","Pazopanib","ODBA_340_352","NR",-0.295457602
"KATO III","Pazopanib","CD79A_181_193","R",-0.659900427
"NCI-N87","Pazopanib","NPT2A_501_513","NR",0.013181527
"HSC-45","Pazopanib","DYR1A_212_224","NR",0.053723097
"NCI-N87","Pazopanib","EGFR_1190_1202","NR",-0.325210422
"MKN7","Pazopanib","MBP_259_271","NR",-0.019245028
"MKN7","Pazopanib","RASA1_453_465","NR",-0.559081912
"OCUM-1","Pazopanib","RASA1_453_465","NR",-0.586290836
"IM95","Pazopanib","SRC8_CHICK_470_482","NR",-0.212447643
"MKN7","Pazopanib","FAK1_569_581","NR",-0.349096179
"IM95","Pazopanib","DDR1_506_518","NR",-0.200355649
"MKN74","Pazopanib","TEC_512_524","NR",-0.316326261
"MKN74","Pazopanib","EFS_246_258","NR",-0.697092056
"HSC-43","Pazopanib","CD3Z_116_128","R",-0.198697031
"IM95","Pazopanib","EPHA7_607_619","NR",-0.492099285
"NUGC-3","Pazopanib","TEC_512_524","NR",-0.274283171
"44As3","Pazopanib","PDPK1_369_381","NR",-0.424132705
"HSC-60","Pazopanib","KSYK_518_530","NR",-0.450642705
"HSC-60","Pazopanib","DDR1_506_518","NR",-0.489397764
"NUGC-4","Pazopanib","ANXA1_14_26","NR",-0.30287683
"MKN7","Pazopanib","CD3Z_116_128","NR",-0.822797179
"58As1","Pazopanib","EPOR_361_373","NR",-0.290807724
"HSC-39","Pazopanib","ART_004_EAIYAAPFAKKKXC","R",-0.523746967
"HSC-40A","Pazopanib","MBP_263_275","R",-0.306654453
"HSC-58","Pazopanib","RON_1346_1358","NR",-0.158793688
"HSC-60","Pazopanib","PP2AB_297_309","NR",-0.264594615
"HSC-44PE","Pazopanib","EPHA2_765_777","NR",-0.438079953
"HSC-59","Pazopanib","RON_1346_1358","NR",-0.302399039
"MKN74","Pazopanib","ERBB4_1181_1193","NR",-0.136375904
"44As3","Pazopanib","PAXI_111_123","NR",-0.753061295
"OCUM-1","Pazopanib","P85A_600_612","NR",-0.394973159
"KATO III","Pazopanib","K2C8_425_437","R",-0.194555938
"MKN7","Pazopanib","CALM_95_107","NR",-0.24144268
"NUGC-3","Pazopanib","EGFR_1103_1115","NR",-0.559947789
"SNU-16","Pazopanib","ANXA2_17_29","R",0.011798859
"OCUM-1","Pazopanib","PDPK1_2_14","NR",-0.539349556
"JR-st","Pazopanib","EPHB1_771_783","NR",-0.617358446
"OCUM-1","Pazopanib","VGFR3_1061_1073","NR",-0.070025921
"SNU-16","Pazopanib","NPT2A_501_513","R",-0.205919385
"MKN74","Pazopanib","RON_1353_1365","NR",-0.023961425
"HSC-58","Pazopanib","NTRK1_489_501","NR",0.149355888
"HSC-39","Pazopanib","NTRK1_489_501","R",-0.044337749
"MKN74","Pazopanib","PDPK1_2_14","NR",-0.516919374
"HSC-43","Pazopanib","FGFR1_761_773","R",-0.473391533
"NUGC-4","Pazopanib","PGFRB_572_584","NR",-0.562332034
"HSC-40A","Pazopanib","CDK2_8_20","R",-0.560884476
"HSC-43","Pazopanib","ART_004_EAIYAAPFAKKKXC","R",-0.607251883
"HSC-58","Pazopanib","TYRO3_679_691","NR",-0.191713333
"MKN28","Pazopanib","NTRK2_696_708","NR",-0.040973265
"SNU-16","Pazopanib","EPOR_361_373","R",-0.533238769
"HSC-58","Pazopanib","EFS_246_258","NR",-0.402097702
"NUGC-4","Pazopanib","FER_707_719","NR",-0.481551051
"HSC-40A","Pazopanib","K2C8_425_437","R",-0.551199555
"HSC-44PE","Pazopanib","MK10_216_228","NR",-0.171695471
"MKN45","Pazopanib","VGFR2_989_1001","NR",-0.246091843
"HSC-45","Pazopanib","EPHA2_765_777","NR",-0.697360039
"HSC-40A","Pazopanib","FRK_380_392","R",-0.625566006
"OKAJIMA","Pazopanib","PAXI_111_123","NR",0.072784901
"NCI-N87","Pazopanib","EGFR_1165_1177","NR",-0.165437937
"KATO III","Pazopanib","DYR1A_212_224","R",-0.550279617
"HSC-58","Pazopanib","41_654_666","NR",-0.198601961
"MKN1","Pazopanib","FES_706_718","NR",-0.279237896
"NCI-N87","Pazopanib","PDPK1_2_14","NR",-0.449033499
"OKAJIMA","Pazopanib","RASA1_453_465","NR",-0.03015391
"HSC-44PE","Pazopanib","SRC8_CHICK_492_504","NR",-0.507344723
"HSC-60","Pazopanib","ERBB4_1277_1289","NR",-0.280580401
"HSC-44PE","Pazopanib","NTRK1_489_501","NR",-0.336889327
"HSC-44PE","Pazopanib","VGFR1_1049_1061","NR",0.168854892
"HSC-39","Pazopanib","EPOR_361_373","R",-0.477493167
"HSC-60","Pazopanib","PGFRB_709_721","NR",-0.465236545
"MKN74","Pazopanib","FAK2_572_584","NR",-0.096313119
"44As3","Pazopanib","PGFRB_768_780","NR",-0.228100419
"HSC-45","Pazopanib","VGFR3_1061_1073","NR",-0.242209435
"MKN45","Pazopanib","EPHB1_921_933","NR",0.182190657
"NUGC-3","Pazopanib","CTNB1_79_91","NR",-0.273614168
"OCUM-1","Pazopanib","ODBA_340_352","NR",-0.172757864
"MKN45","Pazopanib","FGFR1_761_773","NR",0.136326313
"44As3","Pazopanib","41_654_666","NR",-0.46678412
"HSC-44PE","Pazopanib","MBP_198_210","NR",-0.220471442
"NUGC-3","Pazopanib","PAXI_111_123","NR",-0.735634089
"MKN45","Pazopanib","JAK1_1015_1027","NR",-0.221721649
"HSC-44PE","Pazopanib","VGFR1_1326_1338","NR",-0.291877031
"HSC-60","Pazopanib","EPHA1_774_786","NR",-0.618555307
"HSC-39","Pazopanib","INSR_992_1004","R",-0.405995131
"MKN28","Pazopanib","DDR1_506_518","NR",-0.134897068
"MKN28","Pazopanib","FGFR2_762_774","NR",-0.166348219
"HSC-45","Pazopanib","ZBT16_621_633","NR",-0.164556503
"MKN28","Pazopanib","TNNT1_2_14","NR",-0.218496874
"58As1","Pazopanib","MBP_198_210","NR",-0.262753963
"HSC-43","Pazopanib","VGFR1_1206_1218","R",-0.208046675
"IM95","Pazopanib","LCK_387_399","NR",-0.514454722
"JR-st","Pazopanib","FES_706_718","NR",-0.641112089
"MKN45","Pazopanib","SRC8_CHICK_492_504","NR",-0.392572731
"HSC-39","Pazopanib","B3AT_39_51","R",-0.116482794
"58As1","Pazopanib","DDR1_506_518","NR",0.206759214
"HSC-40A","Pazopanib","EPOR_361_373","R",-0.600786924
"NUGC-4","Pazopanib","VGFR2_1046_1058","NR",-0.208059907
"SNU-16","Pazopanib","EGFR_1103_1115","R",-0.274698496
"MKN1","Pazopanib","RET_1022_1034","NR",0.088425077
"NCI-N87","Pazopanib","VGFR2_1046_1058","NR",-0.185087726
"MKN74","Pazopanib","RB_804_816","NR",-0.297250271
"OKAJIMA","Pazopanib","EGFR_1165_1177","NR",0.156770706
"NCI-N87","Pazopanib","FGFR1_761_773","NR",0.099626027
"HSC-44PE","Pazopanib","ZBT16_621_633","NR",-0.150294662
"HSC-40A","Pazopanib","PAXI_111_123","R",-0.715023518
"HSC-58","Pazopanib","FAK1_569_581","NR",-0.165531874
"HSC-60","Pazopanib","SRC8_CHICK_476_488","NR",-0.641625643
"44As3","Pazopanib","EPHA7_607_619","NR",-0.555882692
"MKN28","Pazopanib","VGFR1_1162_1174","NR",0.047774434
"MKN74","Pazopanib","VGFR2_1168_1180","NR",-0.026611805
"MKN1","Pazopanib","TEC_512_524","NR",-0.059075832
"SNU-16","Pazopanib","PAXI_24_36","R",-0.412392259
"NCI-N87","Pazopanib","SRC8_CHICK_492_504","NR",-0.4552342
"HSC-59","Pazopanib","FGFR3_753_765","NR",-0.242278457
"HSC-60","Pazopanib","MK12_178_190","NR",-0.338943124
"MKN7","Pazopanib","CDK2_8_20","NR",-0.77592206
"HSC-60","Pazopanib","VGFR1_1162_1174","NR",-0.099892199
"MKN28","Pazopanib","FGFR3_753_765","NR",-0.108527504
"MKN74","Pazopanib","EPHB1_921_933","NR",0.056528091
"HSC-44PE","Pazopanib","ODBA_340_352","NR",-0.260897696
"58As1","Pazopanib","CTNB1_79_91","NR",-0.301495552
"MKN45","Pazopanib","MK10_216_228","NR",-0.110975899
"OKAJIMA","Pazopanib","NTRK2_696_708","NR",-0.144953966
"HSC-60","Pazopanib","NTRK1_489_501","NR",-0.072837114
"MKN74","Pazopanib","ACHD_383_395","NR",0.004603982
"NUGC-3","Pazopanib","ZBT16_621_633","NR",-0.015082955
"OCUM-1","Pazopanib","FGFR3_753_765","NR",-0.392464757
"HSC-45","Pazopanib","EGFR_1165_1177","NR",-0.028162241
"HSC-60","Pazopanib","JAK1_1015_1027","NR",-0.491670609
"44As3","Pazopanib","PGFRB_572_584","NR",-0.50018549
"OCUM-1","Pazopanib","VGFR2_1052_1064","NR",-0.14980644
"SNU-16","Pazopanib","RASA1_453_465","R",-0.442386627
"MKN7","Pazopanib","VGFR3_1061_1073","NR",-0.071828723
"OCUM-1","Pazopanib","FAK2_572_584","NR",-0.049776316
"IM95","Pazopanib","EPOR_419_431","NR",-0.507532239
"KATO III","Pazopanib","SRC8_CHICK_492_504","R",-0.498173237
"HSC-44PE","Pazopanib","41_654_666","NR",-0.078087926
"HSC-43","Pazopanib","NPT2A_501_513","R",-0.399786592
"MKN28","Pazopanib","RAF1_332_344","NR",-0.070956148
"MKN28","Pazopanib","TYRO3_679_691","NR",0.030884027
"HSC-43","Pazopanib","VGFR1_1162_1174","R",-0.530029595
"SNU-16","Pazopanib","MK07_211_223","R",-0.373592496
"HSC-44PE","Pazopanib","AMPE_5_17","NR",0.143398046
"SNU-16","Pazopanib","CALM_95_107","R",-0.401146412
"SNU-16","Pazopanib","DDR1_506_518","R",0.023687005
"IM95","Pazopanib","PDPK1_2_14","NR",-0.508337021
"HSC-43","Pazopanib","VGFR2_1052_1064","R",-0.368264198
"KATO III","Pazopanib","VGFR2_1052_1064","R",-0.193928123
"OKAJIMA","Pazopanib","PRGR_786_798","NR",0.280255407
"HSC-44PE","Pazopanib","NTRK2_696_708","NR",-0.179587245
"JR-st","Pazopanib","ANXA1_14_26","NR",-0.459563851
"OKAJIMA","Pazopanib","VGFR1_1162_1174","NR",-0.043415904
"HSC-44PE","Pazopanib","PGFRB_709_721","NR",-0.259698033
"OCUM-1","Pazopanib","KSYK_518_530","NR",-0.297312856
"HSC-40A","Pazopanib","MK12_178_190","R",-0.266511202
"HSC-45","Pazopanib","PRGR_786_798","NR",-0.370235205
"OCUM-1","Pazopanib","ERBB4_1277_1289","NR",-0.314092994
"HSC-40A","Pazopanib","VGFR2_1052_1064","R",-0.572737932
"OKAJIMA","Pazopanib","EPHA4_589_601","NR",-0.206785917
"OKAJIMA","Pazopanib","PTN11_539_551","NR",0.093320929
"HSC-58","Pazopanib","FES_706_718","NR",-0.37742424
"HSC-44PE","Pazopanib","FGFR2_762_774","NR",-0.182511687
"HSC-58","Pazopanib","EGFR_1190_1202","NR",-0.369826078
"HSC-43","Pazopanib","DCX_109_121","R",-0.332413912
"HSC-59","Pazopanib","TEC_512_524","NR",-0.415130734
"IM95","Pazopanib","KSYK_518_530","NR",-0.363963127
"HSC-40A","Pazopanib","ODBA_340_352","R",-0.470120311
"58As1","Pazopanib","VGFR2_1046_1058","NR",0.276730657
"HSC-39","Pazopanib","EPHB1_921_933","R",-0.083111763
"MKN7","Pazopanib","EPHA1_774_786","NR",-0.657036066
"HSC-59","Pazopanib","VGFR2_1046_1058","NR",0.080768168
"HSC-58","Pazopanib","VINC_815_827","NR",-0.097899437
"58As1","Pazopanib","DCX_109_121","NR",-0.012075186
"SNU-16","Pazopanib","EPHB1_771_783","R",-0.510223746
"MKN7","Pazopanib","VGFR2_1168_1180","NR",-0.190600514
"MKN28","Pazopanib","EPHA2_765_777","NR",-0.297921985
"MKN7","Pazopanib","CBL_693_705","NR",-0.316877604
"HSC-40A","Pazopanib","VINC_815_827","R",-0.184911013
"KATO III","Pazopanib","MK07_211_223","R",-0.869097233
"MKN1","Pazopanib","TYRO3_679_691","NR",0.095328651
"HSC-60","Pazopanib","FRK_380_392","NR",-0.728403091
"HSC-60","Pazopanib","CD3Z_116_128","NR",-0.405849814
"KATO III","Pazopanib","PGFRB_768_780","R",-0.118073821
"SNU-16","Pazopanib","AMPE_5_17","R",-0.070931137
"HSC-39","Pazopanib","SRC8_CHICK_470_482","R",-0.064017713
"NCI-N87","Pazopanib","CBL_693_705","NR",-0.371118695
"NCI-N87","Pazopanib","MK12_178_190","NR",0.0287714
"NUGC-4","Pazopanib","PGFRB_1014_1028","NR",-0.24884975
"HSC-39","Pazopanib","RB_804_816","R",-0.388982654
"IM95","Pazopanib","EFS_246_258","NR",-0.727986336
"HSC-58","Pazopanib","ACHD_383_395","NR",-0.175011158
"KATO III","Pazopanib","MBP_198_210","R",-0.467757344
"HSC-44PE","Pazopanib","EPOR_361_373","NR",-0.05533731
"NCI-N87","Pazopanib","RAF1_332_344","NR",-0.095345415
"NUGC-4","Pazopanib","PGFRB_768_780","NR",-0.262148976
"MKN28","Pazopanib","VGFR1_1040_1052","NR",0.073651709
"HSC-40A","Pazopanib","EGFR_1103_1115","R",-0.563247383
"MKN45","Pazopanib","DCX_109_121","NR",0.073441185
"OCUM-1","Pazopanib","ACHD_383_395","NR",-0.129027128
"NUGC-3","Pazopanib","EPHA7_607_619","NR",-0.60526526
"HSC-60","Pazopanib","RAF1_332_344","NR",-0.571228385
"HSC-40A","Pazopanib","PP2AB_297_309","R",-0.20226115
"MKN28","Pazopanib","PLCG1_764_776","NR",-0.323615074
"HSC-44PE","Pazopanib","ANXA2_17_29","NR",-0.010866106
"OCUM-1","Pazopanib","CD3Z_116_128","NR",-0.165027559
"MKN28","Pazopanib","MBP_259_271","NR",0.116426587
"MKN45","Pazopanib","FAK1_569_581","NR",-0.095846653
"MKN74","Pazopanib","INSR_992_1004","NR",-0.287679613
"OKAJIMA","Pazopanib","ENOG_37_49","NR",-0.275307506
"MKN74","Pazopanib","CD3Z_116_128","NR",-0.402865112
"HSC-45","Pazopanib","LAT_249_261","NR",-0.546390057
"MKN74","Pazopanib","ANXA2_17_29","NR",-0.051010072
"JR-st","Pazopanib","ODBA_340_352","NR",-0.264729738
"NUGC-3","Pazopanib","PGFRB_572_584","NR",-0.486740351
"MKN74","Pazopanib","MBP_198_210","NR",-0.175493836
"IM95","Pazopanib","NCF1_313_325","NR",-0.170483112
"KATO III","Pazopanib","PLCG1_764_776","R",-0.529618502
"HSC-40A","Pazopanib","NPT2A_501_513","R",-0.262303472
"SNU-16","Pazopanib","CTNB1_79_91","R",-0.352351427
"NUGC-4","Pazopanib","EGFR_1165_1177","NR",-0.074684024
"MKN45","Pazopanib","KSYK_518_530","NR",-0.054597061
"HSC-44PE","Pazopanib","RET_1022_1034","NR",-0.583222628
"IM95","Pazopanib","SRC8_CHICK_476_488","NR",-0.621573687
"OCUM-1","Pazopanib","FAK1_569_581","NR",-0.163110256
"MKN74","Pazopanib","PAXI_24_36","NR",-0.502140284
"MKN45","Pazopanib","EPOR_361_373","NR",-0.193993405
"HSC-39","Pazopanib","LAT_194_206","R",-0.377744913
"MKN28","Pazopanib","MK01_180_192","NR",-0.006248633
"MKN45","Pazopanib","MK07_211_223","NR",-0.373755783
"HSC-45","Pazopanib","DYR1A_312_324","NR",-0.268898726
"KATO III","Pazopanib","EFS_246_258","R",-0.64708209
"IM95","Pazopanib","PGFRB_709_721","NR",-0.356034517
"HSC-58","Pazopanib","ODBA_340_352","NR",-0.045907497
"MKN45","Pazopanib","LAT_249_261","NR",-0.160983086
"HSC-45","Pazopanib","KSYK_518_530","NR",-0.134756804
"HSC-59","Pazopanib","VGFR1_1206_1218","NR",-0.25967145
"JR-st","Pazopanib","EPHA1_774_786","NR",-0.492262602
"KATO III","Pazopanib","ODBA_340_352","R",-0.724820137
"58As1","Pazopanib","PLCG1_764_776","NR",-0.421713829
"HSC-43","Pazopanib","RON_1353_1365","R",-0.360154152
"JR-st","Pazopanib","VGFR1_1326_1338","NR",-0.132106662
"HSC-39","Pazopanib","VGFR1_1040_1052","R",-0.28483659
"NUGC-4","Pazopanib","FAK2_572_584","NR",-0.301965594
"44As3","Pazopanib","MK14_173_185","NR",-0.187319875
"MKN45","Pazopanib","TYRO3_679_691","NR",-0.110644497
"HSC-40A","Pazopanib","MBP_259_271","R",-0.409610152
"OCUM-1","Pazopanib","RON_1346_1358","NR",-0.545724511
"MKN74","Pazopanib","FAK1_569_581","NR",-0.153930426
"HSC-45","Pazopanib","FGFR2_762_774","NR",-0.388401031
"NUGC-3","Pazopanib","ZAP70_485_497","NR",-0.320440292
"OKAJIMA","Pazopanib","EPOR_419_431","NR",-0.122842312
"HSC-59","Pazopanib","AMPE_5_17","NR",-0.106145144
"44As3","Pazopanib","VGFR1_1162_1174","NR",-0.003447592
"HSC-39","Pazopanib","DDR1_506_518","R",-0.083616495
"NUGC-3","Pazopanib","MK07_211_223","NR",0.072645068
"HSC-45","Pazopanib","K2C8_425_437","NR",-0.058158159
"MKN7","Pazopanib","FGFR1_761_773","NR",-0.437345743
"MKN28","Pazopanib","MK14_173_185","NR",-0.495504946
"NCI-N87","Pazopanib","MK07_211_223","NR",-0.265473515
"HSC-45","Pazopanib","EPHA7_607_619","NR",-0.632196188
"HSC-60","Pazopanib","ACHD_383_395","NR",-0.208809853
"MKN28","Pazopanib","LCK_387_399","NR",-0.101754189
"HSC-43","Pazopanib","K2C8_425_437","R",-0.24785471
"IM95","Pazopanib","MK01_180_192","NR",0.070334792
"IM95","Pazopanib","RET_1022_1034","NR",-0.373364925
"SNU-16","Pazopanib","VGFR1_1049_1061","R",0.046602309
"MKN74","Pazopanib","CRK_214_226","NR",-0.29416573
"HSC-58","Pazopanib","VGFR1_1040_1052","NR",-0.261444807
"NUGC-4","Pazopanib","EPHA2_765_777","NR",-0.36502099
"58As1","Pazopanib","ANXA2_17_29","NR",0.234555602
"HSC-60","Pazopanib","EPOR_361_373","NR",-0.641150475
"OCUM-1","Pazopanib","SRC8_CHICK_492_504","NR",-0.435529232
"NUGC-4","Pazopanib","LAT_194_206","NR",-0.210835695
"MKN28","Pazopanib","CALM_95_107","NR",-0.206968069
"MKN45","Pazopanib","CD79A_181_193","NR",-0.403884888
"NCI-N87","Pazopanib","ODBA_340_352","NR",-0.348768711
"KATO III","Pazopanib","PDPK1_2_14","R",-0.481683135
"HSC-59","Pazopanib","LAT_194_206","NR",-0.162932158
"44As3","Pazopanib","VGFR1_1326_1338","NR",-0.181841373
"MKN7","Pazopanib","ART_004_EAIYAAPFAKKKXC","NR",-0.704643011
"NUGC-4","Pazopanib","PDPK1_2_14","NR",-0.517241836
"MKN74","Pazopanib","PGFRB_1014_1028","NR",-0.25684011
"HSC-58","Pazopanib","NCF1_313_325","NR",0.001159668
"MKN7","Pazopanib","VGFR2_989_1001","NR",-0.580096483
"NUGC-4","Pazopanib","AMPE_5_17","NR",0.10027504
"HSC-59","Pazopanib","JAK1_1015_1027","NR",-0.259263396
"44As3","Pazopanib","FGFR1_761_773","NR",-0.337484837
"MKN74","Pazopanib","FER_707_719","NR",-0.278809547
"HSC-58","Pazopanib","PTN11_539_551","NR",-0.177154779
"HSC-45","Pazopanib","JAK1_1015_1027","NR",-0.459738731
"OCUM-1","Pazopanib","DDR1_506_518","NR",-0.111176312
"HSC-39","Pazopanib","ODBA_340_352","R",-0.475793362
"HSC-39","Pazopanib","EPOR_419_431","R",-0.356832147
"HSC-40A","Pazopanib","DYR1A_312_324","R",-0.432520032
"JR-st","Pazopanib","NPT2A_501_513","NR",-0.138060808
"MKN7","Pazopanib","PGFRB_768_780","NR",-0.203594089
"NCI-N87","Pazopanib","ERBB4_1181_1193","NR",0.004513741
"JR-st","Pazopanib","PGFRB_771_783","NR",-0.08509165
"KATO III","Pazopanib","EPHB1_921_933","R",-0.108593106
"HSC-59","Pazopanib","RB_804_816","NR",-0.168555379
"HSC-40A","Pazopanib","RAF1_332_344","R",-0.541267037
"JR-st","Pazopanib","FGFR2_762_774","NR",-0.4477036
"OCUM-1","Pazopanib","PGFRB_1002_1014","NR",-0.588244259
"HSC-45","Pazopanib","VGFR2_989_1001","NR",-0.734806299
"NUGC-4","Pazopanib","PAXI_111_123","NR",-0.612856388
"MKN7","Pazopanib","VINC_815_827","NR",-0.23746562
"MKN1","Pazopanib","RON_1353_1365","NR",-0.147843793
"SNU-16","Pazopanib","NCF1_313_325","R",-0.44054091
"58As1","Pazopanib","MK01_180_192","NR",0.051841497
"IM95","Pazopanib","NTRK2_696_708","NR",-0.34882319
"OKAJIMA","Pazopanib","EPHA1_774_786","NR",0.027881941
"JR-st","Pazopanib","PGFRB_572_584","NR",-0.55769217
"HSC-39","Pazopanib","MK10_216_228","R",-0.240165591
"44As3","Pazopanib","EFS_246_258","NR",-0.768316746
"OCUM-1","Pazopanib","CDK7_157_169","NR",0.003069401
"IM95","Pazopanib","JAK1_1015_1027","NR",-0.41299057
"HSC-40A","Pazopanib","FAK2_572_584","R",-0.495031118
"44As3","Pazopanib","CTNB1_79_91","NR",-0.404179215
"IM95","Pazopanib","PRGR_786_798","NR",-0.264882088
"HSC-44PE","Pazopanib","K2C6B_53_65","NR",-0.208299994
"MKN28","Pazopanib","ERBB2_870_882","NR",-0.011019071
"HSC-59","Pazopanib","VGFR2_944_956","NR",0.12887454
"MKN28","Pazopanib","VGFR2_1168_1180","NR",-0.009191831
"MKN7","Pazopanib","PGFRB_1002_1014","NR",-0.56709218
"MKN7","Pazopanib","FAK2_572_584","NR",-0.20870018
"NUGC-3","Pazopanib","RB_804_816","NR",-0.442305565
"NUGC-3","Pazopanib","PRGR_786_798","NR",-0.11739862
"44As3","Pazopanib","DYR1A_312_324","NR",-0.261664748
"JR-st","Pazopanib","CRK_214_226","NR",-0.132815957
"HSC-39","Pazopanib","MK07_211_223","R",-0.037137508
"MKN28","Pazopanib","EGFR_1165_1177","NR",-0.116222538
"KATO III","Pazopanib","EPHA1_774_786","R",-0.439168096
"KATO III","Pazopanib","VGFR1_1326_1338","R",-0.693782687
"HSC-39","Pazopanib","VGFR1_1049_1061","R",-0.27531141
"MKN1","Pazopanib","SRC8_CHICK_476_488","NR",-0.224855259
"NUGC-3","Pazopanib","VGFR2_944_956","NR",-0.155689597
"SNU-16","Pazopanib","ERBB2_870_882","R",-0.165154576
"NCI-N87","Pazopanib","EPOR_419_431","NR",-0.264835745
"MKN28","Pazopanib","VINC_815_827","NR",0.218014553
"OCUM-1","Pazopanib","TEC_512_524","NR",-0.478608489
"MKN45","Pazopanib","VGFR1_1162_1174","NR",-0.197714373
"NUGC-3","Pazopanib","RON_1353_1365","NR",-0.129266143
"HSC-43","Pazopanib","CD79A_181_193","R",-0.619327545
"OCUM-1","Pazopanib","EPOR_419_431","NR",-0.344486952
"NUGC-3","Pazopanib","FAK2_572_584","NR",-0.313823462
"HSC-43","Pazopanib","MBP_263_275","R",-0.047664642
"SNU-16","Pazopanib","P85A_600_612","R",-0.477677226
"HSC-44PE","Pazopanib","PECA1_706_718","NR",-0.435266018
"58As1","Pazopanib","MBP_263_275","NR",-0.029240847
"JR-st","Pazopanib","CTNB1_79_91","NR",-0.632328093
"NCI-N87","Pazopanib","PGFRB_1014_1028","NR",-0.196611404
"MKN74","Pazopanib","ERBB2_1241_1253","NR",-0.291516304
"HSC-45","Pazopanib","ART_004_EAIYAAPFAKKKXC","NR",-0.637848616
"KATO III","Pazopanib","EPOR_419_431","R",-0.829449296
"MKN7","Pazopanib","VGFR1_1326_1338","NR",-0.388404727
"NUGC-3","Pazopanib","EPOR_361_373","NR",-0.528333426
"HSC-39","Pazopanib","VINC_815_827","R",-0.275474072
"HSC-44PE","Pazopanib","C1R_199_211","NR",0.336438537
"MKN28","Pazopanib","PAXI_111_123","NR",-0.317482799
"NUGC-3","Pazopanib","EPHB4_583_595","NR",-0.038393259
"JR-st","Pazopanib","RET_1022_1034","NR",-0.359998584
"HSC-39","Pazopanib","ANXA1_14_26","R",-0.472352862
"HSC-43","Pazopanib","PRGR_786_798","R",-0.162178397
"MKN74","Pazopanib","EPHA2_765_777","NR",-0.407416582
"NUGC-4","Pazopanib","VGFR1_1206_1218","NR",-0.163420796
"KATO III","Pazopanib","LAT_194_206","R",-1.687391996
"OKAJIMA","Pazopanib","PGFRB_709_721","NR",-0.150912449
"HSC-44PE","Pazopanib","FGFR1_761_773","NR",0.062508225
"MKN45","Pazopanib","RON_1353_1365","NR",-0.228195831
"MKN7","Pazopanib","DCX_109_121","NR",-0.269030094
"MKN28","Pazopanib","P85A_600_612","NR",-0.367998213
"MKN28","Pazopanib","FRK_380_392","NR",-0.143510178
"KATO III","Pazopanib","MK01_180_192","R",-0.156212211
"OCUM-1","Pazopanib","RB_804_816","NR",-0.250190258
"HSC-45","Pazopanib","ERBB2_1241_1253","NR",-0.343116522
"44As3","Pazopanib","VGFR2_1168_1180","NR",-0.279478788
"KATO III","Pazopanib","PGFRB_572_584","R",-1.137269735
"MKN28","Pazopanib","CD3Z_116_128","NR",-0.342956454
"SNU-16","Pazopanib","EPHB1_921_933","R",-0.062975824
"HSC-44PE","Pazopanib","ENOG_37_49","NR",-0.424468994
"NUGC-3","Pazopanib","MK14_173_185","NR",-0.107399583
"58As1","Pazopanib","PGFRB_1014_1028","NR",-0.335422516
"NCI-N87","Pazopanib","SRC8_CHICK_476_488","NR",-0.450536728
"44As3","Pazopanib","MK10_216_228","NR",-0.122518182
"HSC-45","Pazopanib","ANXA1_14_26","NR",-0.417877197
"HSC-58","Pazopanib","PAXI_24_36","NR",-0.35857296
"MKN28","Pazopanib","INSR_992_1004","NR",-0.114197575
"MKN1","Pazopanib","PDPK1_2_14","NR",-0.116371311
"MKN45","Pazopanib","VGFR1_1206_1218","NR",0.045845669
"HSC-44PE","Pazopanib","INSR_992_1004","NR",-0.389974475
"JR-st","Pazopanib","MK10_216_228","NR",-0.1109519
"HSC-45","Pazopanib","PAXI_24_36","NR",-0.700771332
"MKN28","Pazopanib","JAK2_563_577","NR",-0.171683475
"MKN28","Pazopanib","TEC_512_524","NR",-0.095113672
"JR-st","Pazopanib","PGFRB_768_780","NR",0.056523144
"IM95","Pazopanib","CDK7_157_169","NR",-0.201525748
"IM95","Pazopanib","MK07_211_223","NR",-0.130116343
"MKN74","Pazopanib","PLCG1_764_776","NR",-0.574712753
"OCUM-1","Pazopanib","C1R_199_211","NR",-0.301769674
"HSC-44PE","Pazopanib","MET_1227_1239","NR",-0.458479524
"SNU-16","Pazopanib","CDK7_157_169","R",-0.060151458
"HSC-59","Pazopanib","K2C6B_53_65","NR",-0.209872007
"HSC-39","Pazopanib","FAK2_572_584","R",-0.209248304
"MKN74","Pazopanib","MBP_263_275","NR",0.004415333
"MKN1","Pazopanib","MBP_259_271","NR",0.3653557
"OCUM-1","Pazopanib","VGFR1_1326_1338","NR",-0.563695669
"NUGC-4","Pazopanib","FGFR2_762_774","NR",-0.162678123
"HSC-43","Pazopanib","JAK1_1015_1027","R",-0.628066301
"HSC-60","Pazopanib","RON_1353_1365","NR",-0.16291523
"58As1","Pazopanib","RB_804_816","NR",-0.264620066
"44As3","Pazopanib","PGFRB_709_721","NR",-0.655606389
"58As1","Pazopanib","ACHD_383_395","NR",-0.056960106
"HSC-39","Pazopanib","FGFR3_753_765","R",-0.290284157
"MKN45","Pazopanib","CD3Z_116_128","NR",-0.188173607
"MKN45","Pazopanib","PECA1_706_718","NR",-0.142099544
"HSC-59","Pazopanib","PDPK1_2_14","NR",-0.285591125
"OKAJIMA","Pazopanib","EFS_246_258","NR",-0.207252026
"SNU-16","Pazopanib","RON_1353_1365","R",0.052489519
"44As3","Pazopanib","PGFRB_771_783","NR",-0.409739494
"HSC-59","Pazopanib","KSYK_518_530","NR",-0.262487411
"NUGC-4","Pazopanib","EGFR_1103_1115","NR",-0.230138421
"44As3","Pazopanib","CBL_693_705","NR",-0.45468688
"SNU-16","Pazopanib","PAXI_111_123","R",-0.455574751
"HSC-45","Pazopanib","PGFRB_572_584","NR",-0.516392708
"MKN74","Pazopanib","PRRX2_202_214","NR",-0.319387436
"JR-st","Pazopanib","DCX_109_121","NR",-0.168330312
"NCI-N87","Pazopanib","PGFRB_1002_1014","NR",-0.575815201
"NUGC-3","Pazopanib","K2C6B_53_65","NR",0.112539887
"HSC-40A","Pazopanib","JAK2_563_577","R",-0.290908337
"NUGC-3","Pazopanib","VGFR1_1040_1052","NR",-0.139205098
"MKN1","Pazopanib","VINC_815_827","NR",0.319541425
"IM95","Pazopanib","K2C8_425_437","NR",-0.220134497
"KATO III","Pazopanib","CDK2_8_20","R",-0.449297786
"MKN7","Pazopanib","PRRX2_202_214","NR",-0.156845689
"NUGC-3","Pazopanib","B3AT_39_51","NR",0.097859621
"KATO III","Pazopanib","JAK2_563_577","R",-0.252129197
"HSC-43","Pazopanib","PGFRB_768_780","R",-0.455256343
"MKN45","Pazopanib","K2C6B_53_65","NR",0.025912443
"HSC-59","Pazopanib","B3AT_39_51","NR",0.012127757
"SNU-16","Pazopanib","PGFRB_1014_1028","R",-0.384184003
"MKN28","Pazopanib","RASA1_453_465","NR",-0.122110046
"NUGC-4","Pazopanib","EPHA4_589_601","NR",-0.143865585
"NUGC-4","Pazopanib","RET_1022_1034","NR",-0.333231211
"MKN1","Pazopanib","CALM_95_107","NR",-0.004195372
"NCI-N87","Pazopanib","MK01_180_192","NR",0.155141786
"NUGC-3","Pazopanib","KSYK_518_530","NR",-0.134611547
"NCI-N87","Pazopanib","PDPK1_369_381","NR",-0.336684138
"44As3","Pazopanib","ERBB2_1241_1253","NR",-0.354951739
"IM95","Pazopanib","CRK_214_226","NR",-0.181388378
"HSC-58","Pazopanib","EPHA4_589_601","NR",-0.006418943
"KATO III","Pazopanib","RET_1022_1034","R",-0.36485219
"MKN45","Pazopanib","CDK2_8_20","NR",-0.246107742
"58As1","Pazopanib","PGFRB_1002_1014","NR",-0.171974421
"44As3","Pazopanib","EPHB1_771_783","NR",-0.677699089
"HSC-40A","Pazopanib","SRC8_CHICK_470_482","R",-0.2535519
"MKN45","Pazopanib","PAXI_24_36","NR",-0.235871151
"HSC-59","Pazopanib","PAXI_24_36","NR",-0.307966352
"58As1","Pazopanib","CBL_693_705","NR",-0.018157721
"NCI-N87","Pazopanib","MBP_259_271","NR",0.103421964
"HSC-44PE","Pazopanib","VGFR1_1040_1052","NR",-0.074586749
"44As3","Pazopanib","ENOG_37_49","NR",-0.859779358
"MKN1","Pazopanib","EPOR_419_431","NR",-0.223897934
"MKN74","Pazopanib","CDK2_8_20","NR",-0.429099798
"NCI-N87","Pazopanib","VGFR1_1326_1338","NR",-0.451192141
"HSC-44PE","Pazopanib","DDR1_506_518","NR",0.089488149
"HSC-58","Pazopanib","VGFR2_1046_1058","NR",-0.017533302
"OKAJIMA","Pazopanib","VGFR3_1061_1073","NR",0.043159723
"NUGC-3","Pazopanib","RASA1_453_465","NR",-0.421321988
"MKN74","Pazopanib","PGFRB_572_584","NR",-0.615614772
"44As3","Pazopanib","LAT_249_261","NR",-0.475221634
"KATO III","Pazopanib","NCF1_313_325","R",-0.461838007
"NUGC-4","Pazopanib","ZAP70_485_497","NR",-0.552904367
"HSC-45","Pazopanib","ERBB2_870_882","NR",-0.642524958
"OCUM-1","Pazopanib","MBP_263_275","NR",-0.189951658
"OKAJIMA","Pazopanib","CALM_95_107","NR",0.018321514
"JR-st","Pazopanib","CDK2_8_20","NR",-0.544573307
"HSC-39","Pazopanib","PP2AB_297_309","R",-0.060531139
"MKN74","Pazopanib","RASA1_453_465","NR",-0.46372366
"HSC-58","Pazopanib","NTRK2_696_708","NR",-0.118524313
"SNU-16","Pazopanib","PP2AB_297_309","R",-0.237294436
"HSC-58","Pazopanib","ERBB4_1181_1193","NR",0.082755089
"HSC-43","Pazopanib","VGFR2_944_956","R",-0.39953959
"MKN74","Pazopanib","ANXA1_14_26","NR",-0.383989453
"HSC-43","Pazopanib","MET_1227_1239","R",-0.720157862
"JR-st","Pazopanib","VINC_815_827","NR",-0.12920928
"JR-st","Pazopanib","CD3Z_146_158","NR",-0.051365137
"HSC-45","Pazopanib","PDPK1_2_14","NR",-0.568649292
"58As1","Pazopanib","PECA1_706_718","NR",-0.382199049
"HSC-60","Pazopanib","PGFRB_1014_1028","NR",-0.584957719
"NCI-N87","Pazopanib","VGFR1_1206_1218","NR",-0.093994059
"HSC-40A","Pazopanib","ERBB2_870_882","R",-0.378747344
"MKN45","Pazopanib","VGFR1_1040_1052","NR",0.073381662
"MKN7","Pazopanib","MK01_180_192","NR",-0.086110711
"HSC-60","Pazopanib","TEC_512_524","NR",-0.45334518
"HSC-43","Pazopanib","CDK7_157_169","R",-0.183050632
"44As3","Pazopanib","JAK2_563_577","NR",-0.45570159
"MKN28","Pazopanib","EPHB1_921_933","NR",0.193613693
"HSC-45","Pazopanib","FAK2_572_584","NR",-0.231950283
"58As1","Pazopanib","41_654_666","NR",-0.171438456
"SNU-16","Pazopanib","EPHA4_589_601","R",-0.230597973
"MKN1","Pazopanib","EPHA2_765_777","NR",-0.156219646
"MKN74","Pazopanib","PGFRB_1002_1014","NR",-0.354649782
"MKN1","Pazopanib","PDPK1_369_381","NR",-0.17365773
"HSC-43","Pazopanib","FGFR3_753_765","R",-0.67301631
"HSC-60","Pazopanib","CDK7_157_169","NR",-0.001429081
"MKN7","Pazopanib","MBP_263_275","NR",0.100744247
"NUGC-3","Pazopanib","DDR1_506_518","NR",0.002115726
"NUGC-3","Pazopanib","EFS_246_258","NR",-0.72531414
"IM95","Pazopanib","EGFR_1103_1115","NR",-0.472853541
"OKAJIMA","Pazopanib","TYRO3_679_691","NR",-0.046734095
"OCUM-1","Pazopanib","FGFR1_761_773","NR",-0.130678535
"NUGC-3","Pazopanib","RON_1346_1358","NR",-0.309009552
"MKN28","Pazopanib","B3AT_39_51","NR",-0.027939558
"OKAJIMA","Pazopanib","VGFR1_1326_1338","NR",-0.159018114
"NUGC-3","Pazopanib","EPHB1_771_783","NR",-0.58447051
"MKN74","Pazopanib","KSYK_518_530","NR",0.026783764
"HSC-59","Pazopanib","TNNT1_2_14","NR",-0.360313296
"MKN28","Pazopanib","SRC8_CHICK_492_504","NR",-0.438839108
"NUGC-3","Pazopanib","VGFR3_1061_1073","NR",-0.254678011
"HSC-44PE","Pazopanib","VGFR1_1206_1218","NR",-0.187177598
"HSC-43","Pazopanib","DYR1A_312_324","R",-0.517767668
"58As1","Pazopanib","TEC_512_524","NR",-0.278381586
"MKN28","Pazopanib","EFS_246_258","NR",-0.570250034
"HSC-39","Pazopanib","RAF1_332_344","R",-0.374617338
"OKAJIMA","Pazopanib","FER_707_719","NR",0.006335497
"HSC-60","Pazopanib","EPHB1_771_783","NR",-0.626505494
"HSC-43","Pazopanib","CTNB1_79_91","R",-0.326313615
"IM95","Pazopanib","AMPE_5_17","NR",-0.05243516
"NCI-N87","Pazopanib","RASA1_453_465","NR",-0.516663969
"IM95","Pazopanib","PDPK1_369_381","NR",-0.348258972
"HSC-40A","Pazopanib","VGFR2_1168_1180","R",-0.276972175
"HSC-40A","Pazopanib","EPHB4_583_595","R",-0.096870422
"MKN7","Pazopanib","ZBT16_621_633","NR",-0.108404279
"MKN7","Pazopanib","VGFR1_1162_1174","NR",0.015382767
"KATO III","Pazopanib","FES_706_718","R",-0.50301373
"HSC-44PE","Pazopanib","FRK_380_392","NR",-0.589851379
"MKN1","Pazopanib","ANXA1_14_26","NR",-0.050090868
"NCI-N87","Pazopanib","PAXI_24_36","NR",-0.403776497
"HSC-39","Pazopanib","LCK_387_399","R",-0.624481678
"HSC-43","Pazopanib","TNNT1_2_14","R",-0.358415127
"KATO III","Pazopanib","ART_004_EAIYAAPFAKKKXC","R",-0.489534378
"NUGC-4","Pazopanib","PRRX2_202_214","NR",-0.319537878
"IM95","Pazopanib","MK10_216_228","NR",-0.278385997
"HSC-40A","Pazopanib","ENOG_37_49","R",-0.75145936
"NUGC-4","Pazopanib","MBP_259_271","NR",-0.030194521
"HSC-45","Pazopanib","PP2AB_297_309","NR",-0.042543888
"OCUM-1","Pazopanib","RON_1353_1365","NR",-0.268785238
"MKN7","Pazopanib","NPT2A_501_513","NR",-0.140945315
"HSC-45","Pazopanib","NTRK1_489_501","NR",-0.038073778
"HSC-43","Pazopanib","CDK2_8_20","R",-0.50592041
"MKN74","Pazopanib","VGFR2_944_956","NR",0.05217886
"KATO III","Pazopanib","PAXI_24_36","R",-0.640837669
"HSC-43","Pazopanib","ACHD_383_395","R",-0.677898049
"JR-st","Pazopanib","DYR1A_312_324","NR",-0.134916425
"MKN28","Pazopanib","VGFR1_1049_1061","NR",0.105020605
"NUGC-4","Pazopanib","PGFRB_709_721","NR",-0.540280461
"HSC-43","Pazopanib","TEC_512_524","R",-0.466513395
"HSC-39","Pazopanib","CDK2_8_20","R",-0.497804761
"HSC-40A","Pazopanib","SRC8_CHICK_492_504","R",-0.570907354
"NUGC-4","Pazopanib","PP2AB_297_309","NR",-0.236324608
"NUGC-4","Pazopanib","EGFR_1190_1202","NR",-0.119240522
"HSC-45","Pazopanib","RET_1022_1034","NR",-0.55850935
"JR-st","Pazopanib","C1R_199_211","NR",-0.446852326
"HSC-39","Pazopanib","PGFRB_1014_1028","R",-0.485924244
"NCI-N87","Pazopanib","ERBB2_1241_1253","NR",-0.325386912
"HSC-59","Pazopanib","EPOR_419_431","NR",-0.306050062
"IM95","Pazopanib","EPHB1_921_933","NR",-0.203698933
"MKN28","Pazopanib","LAT_249_261","NR",-0.2090718
"HSC-60","Pazopanib","PAXI_111_123","NR",-0.754515886
"HSC-39","Pazopanib","EPHB1_771_783","R",-0.528969765
"HSC-39","Pazopanib","PGFRB_709_721","R",-0.450379252
"58As1","Pazopanib","CRK_214_226","NR",0.057834744
"KATO III","Pazopanib","VGFR1_1049_1061","R",-0.362604499
"IM95","Pazopanib","FGFR1_761_773","NR",-0.291893005
"44As3","Pazopanib","EPHB4_583_595","NR",-0.15836215
"HSC-58","Pazopanib","P85A_600_612","NR",-0.370309353
"44As3","Pazopanib","FAK1_569_581","NR",-0.300629854
"HSC-43","Pazopanib","SRC8_CHICK_492_504","R",-0.506403923
"OKAJIMA","Pazopanib","PGFRB_572_584","NR",-0.020309528
"HSC-45","Pazopanib","NTRK2_696_708","NR",-0.401618242
"MKN28","Pazopanib","PP2AB_297_309","NR",-0.005919298
"HSC-58","Pazopanib","FGFR2_762_774","NR",-0.337040663
"MKN74","Pazopanib","CALM_95_107","NR",-0.011882007
"HSC-39","Pazopanib","41_654_666","R",-0.543250561
"HSC-45","Pazopanib","SRC8_CHICK_492_504","NR",-0.72312355
"NUGC-3","Pazopanib","PP2AB_297_309","NR",0.215116858
"58As1","Pazopanib","VGFR1_1206_1218","NR",0.034744024
"MKN7","Pazopanib","PGFRB_1014_1028","NR",-0.436937213
"OKAJIMA","Pazopanib","RON_1353_1365","NR",-0.123344421
"SNU-16","Pazopanib","FAK1_569_581","R",-0.172321916
"OKAJIMA","Pazopanib","B3AT_39_51","NR",-0.020152887
"MKN74","Pazopanib","VGFR3_1061_1073","NR",-0.045122087
"MKN74","Pazopanib","MK10_216_228","NR",-0.084950328
"HSC-40A","Pazopanib","B3AT_39_51","R",-0.18313098
"MKN74","Pazopanib","SRC8_CHICK_470_482","NR",-0.331219018
"MKN45","Pazopanib","RAF1_332_344","NR",0.084064163
"MKN74","Pazopanib","MK07_211_223","NR",-0.142394662
"MKN28","Pazopanib","PGFRB_1014_1028","NR",-0.049293678
"OKAJIMA","Pazopanib","EGFR_1190_1202","NR",-0.054003317
"HSC-43","Pazopanib","TYRO3_679_691","R",-0.413879871
"NUGC-3","Pazopanib","LCK_387_399","NR",-0.336938024
"MKN7","Pazopanib","PRGR_786_798","NR",-0.094649434
"OCUM-1","Pazopanib","EGFR_1165_1177","NR",0.114857912
"OCUM-1","Pazopanib","MK12_178_190","NR",-0.022574186
"HSC-40A","Pazopanib","ERBB2_1241_1253","R",-0.338043332
"JR-st","Pazopanib","RON_1353_1365","NR",-0.120816171
"NCI-N87","Pazopanib","MET_1227_1239","NR",-0.532993138
"NCI-N87","Pazopanib","LCK_387_399","NR",-0.378066927
"SNU-16","Pazopanib","VGFR2_989_1001","R",-0.36036396
"MKN45","Pazopanib","MET_1227_1239","NR",-0.116763592
"HSC-60","Pazopanib","EPHB1_921_933","NR",-0.145235896
"HSC-59","Pazopanib","PLCG1_764_776","NR",-0.376513004
"JR-st","Pazopanib","VGFR2_1052_1064","NR",0.115103304
"44As3","Pazopanib","RAF1_332_344","NR",-0.337598681
"KATO III","Pazopanib","ERBB4_1277_1289","R",-0.621537924
"JR-st","Pazopanib","PLCG1_764_776","NR",-0.582243681
"58As1","Pazopanib","MET_1227_1239","NR",-0.292146206
"IM95","Pazopanib","CBL_693_705","NR",-0.228845596
"HSC-45","Pazopanib","CD79A_181_193","NR",-0.843019485
"HSC-43","Pazopanib","EPHA2_765_777","R",-0.445845366
"HSC-45","Pazopanib","JAK2_563_577","NR",-0.48831749
"MKN28","Pazopanib","C1R_199_211","NR",-0.336077303
"MKN28","Pazopanib","VGFR3_1061_1073","NR",-0.093595423
"58As1","Pazopanib","JAK2_563_577","NR",-0.408501863
"44As3","Pazopanib","TNNT1_2_14","NR",-0.473765731
"HSC-45","Pazopanib","LAT_194_206","NR",-0.313548088
"MKN7","Pazopanib","K2C8_425_437","NR",-0.223804235
"OKAJIMA","Pazopanib","CD3Z_146_158","NR",-0.114357986
"NUGC-4","Pazopanib","CDK2_8_20","NR",-0.460124254
"NUGC-4","Pazopanib","MK01_180_192","NR",-0.029023051
"OCUM-1","Pazopanib","TYRO3_679_691","NR",-0.267824292
"SNU-16","Pazopanib","PGFRB_709_721","R",-0.743007183
"HSC-59","Pazopanib","RASA1_453_465","NR",-0.206374407
"HSC-43","Pazopanib","ANXA1_14_26","R",-0.478024006
"MKN74","Pazopanib","FES_706_718","NR",-0.456703424
"OCUM-1","Pazopanib","DCX_109_121","NR",-0.020826459
"JR-st","Pazopanib","FAK1_569_581","NR",-0.192645431
"HSC-40A","Pazopanib","EPHA4_589_601","R",-0.188990235
"MKN45","Pazopanib","FER_707_719","NR",-0.176716492
"MKN74","Pazopanib","ENOG_37_49","NR",-0.850274801
"HSC-43","Pazopanib","ZBT16_621_633","R",-0.223923683
"NUGC-3","Pazopanib","ENOG_37_49","NR",-0.760688305
"IM95","Pazopanib","VGFR2_1046_1058","NR",-0.007349253
"NUGC-4","Pazopanib","ACHD_383_395","NR",0.057282805
"IM95","Pazopanib","ZBT16_621_633","NR",-0.177489579
"SNU-16","Pazopanib","FER_707_719","R",-0.426382542
"MKN7","Pazopanib","EPHB4_583_595","NR",0.080154896
"NUGC-3","Pazopanib","ERBB4_1277_1289","NR",-0.310000658
"NUGC-4","Pazopanib","VGFR1_1326_1338","NR",-0.360543609
"NUGC-4","Pazopanib","VGFR1_1162_1174","NR",0.077182353
"HSC-58","Pazopanib","NPT2A_501_513","NR",0.086512804
"HSC-45","Pazopanib","PTN11_539_551","NR",0.008127928
"HSC-58","Pazopanib","RASA1_453_465","NR",-0.239042044
"HSC-60","Pazopanib","VGFR1_1206_1218","NR",0.365014315
"HSC-58","Pazopanib","JAK1_1015_1027","NR",-0.149639606
"OKAJIMA","Pazopanib","CRK_214_226","NR",-0.103561975
"MKN45","Pazopanib","MBP_263_275","NR",-0.028911829
"44As3","Pazopanib","MBP_198_210","NR",-0.250216722
"HSC-45","Pazopanib","B3AT_39_51","NR",-0.007466316
"HSC-44PE","Pazopanib","FES_706_718","NR",-0.438118935
"HSC-45","Pazopanib","NCF1_313_325","NR",-0.061294317
"MKN7","Pazopanib","VGFR1_1206_1218","NR",-0.208487749
"HSC-44PE","Pazopanib","CTNB1_79_91","NR",-0.328905821
"HSC-59","Pazopanib","INSR_992_1004","NR",-0.21482408
"JR-st","Pazopanib","SRC8_CHICK_470_482","NR",-0.118837833
"MKN1","Pazopanib","VGFR1_1040_1052","NR",-0.200963974
"NUGC-4","Pazopanib","SRC8_CHICK_492_504","NR",-0.568909407
"HSC-39","Pazopanib","ENOG_37_49","R",-0.557363749
"SNU-16","Pazopanib","VGFR1_1326_1338","R",-0.307219386
"MKN28","Pazopanib","VGFR2_944_956","NR",0.241633341
"HSC-44PE","Pazopanib","PRGR_786_798","NR",0.012671113
"NUGC-3","Pazopanib","FES_706_718","NR",-0.648689747
"NUGC-3","Pazopanib","LAT_249_261","NR",-0.521705627
"58As1","Pazopanib","EPHB4_583_595","NR",-0.04653883
"IM95","Pazopanib","EGFR_1190_1202","NR",-0.216736317
"OKAJIMA","Pazopanib","ANXA1_14_26","NR",0.078691162
"JR-st","Pazopanib","PTN11_539_551","NR",0.046916485
"IM95","Pazopanib","PAXI_24_36","NR",-0.523224592
"HSC-45","Pazopanib","ZAP70_485_497","NR",-0.48748064
"HSC-40A","Pazopanib","ZAP70_485_497","R",-0.70776403
"SNU-16","Pazopanib","ANXA1_14_26","R",-0.453953624
"MKN1","Pazopanib","VGFR2_989_1001","NR",-0.252366692
"MKN28","Pazopanib","VGFR1_1326_1338","NR",-0.282093525
"HSC-39","Pazopanib","PAXI_111_123","R",-0.524273396
"HSC-39","Pazopanib","EPHA1_774_786","R",-0.445135117
"MKN7","Pazopanib","PDPK1_369_381","NR",-0.34515667
"OKAJIMA","Pazopanib","FES_706_718","NR",-0.197153091
"OKAJIMA","Pazopanib","KSYK_518_530","NR",0.008493821
"HSC-44PE","Pazopanib","NPT2A_501_513","NR",-0.055673838
"NUGC-4","Pazopanib","NTRK1_489_501","NR",-0.132965446
"NUGC-4","Pazopanib","MBP_198_210","NR",-0.331815839
"44As3","Pazopanib","EPHB1_921_933","NR",0.061438441
"OKAJIMA","Pazopanib","VGFR1_1040_1052","NR",0.118597746
"MKN45","Pazopanib","RB_804_816","NR",-0.139275238
"HSC-44PE","Pazopanib","TNNT1_2_14","NR",-0.555072129
"IM95","Pazopanib","MBP_263_275","NR",-0.313120425
"NCI-N87","Pazopanib","PECA1_706_718","NR",-0.473048925
"MKN1","Pazopanib","EGFR_1165_1177","NR",0.021314779
"JR-st","Pazopanib","ACHD_383_395","NR",-0.123295307
"NUGC-4","Pazopanib","DDR1_506_518","NR",-0.294662654
"HSC-44PE","Pazopanib","PGFRB_771_783","NR",-0.255799294
"KATO III","Pazopanib","B3AT_39_51","R",-0.741207659
"58As1","Pazopanib","FES_706_718","NR",-0.317983866
"MKN7","Pazopanib","ZAP70_485_497","NR",-0.509814739
"SNU-16","Pazopanib","ZAP70_485_497","R",-0.46392417
"MKN45","Pazopanib","B3AT_39_51","NR",0.124551535
"MKN45","Pazopanib","LCK_387_399","NR",-0.066226006
"HSC-40A","Pazopanib","EPHB1_771_783","R",-0.634974122
"IM95","Pazopanib","RON_1346_1358","NR",-0.256170392
"MKN1","Pazopanib","JAK1_1015_1027","NR",0.176392317
"KATO III","Pazopanib","VGFR2_989_1001","R",-0.895537972
"IM95","Pazopanib","MK12_178_190","NR",-0.088570714
"JR-st","Pazopanib","P85A_600_612","NR",-0.232370138
"58As1","Pazopanib","ZBT16_621_633","NR",-0.197292089
"MKN74","Pazopanib","MK12_178_190","NR",-0.026043296
"IM95","Pazopanib","ART_004_EAIYAAPFAKKKXC","NR",-0.729507565
"OCUM-1","Pazopanib","FER_707_719","NR",-0.411304355
"KATO III","Pazopanib","ACHD_383_395","R",-1.010436416
"58As1","Pazopanib","DYR1A_312_324","NR",-0.183652163
"JR-st","Pazopanib","RAF1_332_344","NR",-0.297769189
"HSC-45","Pazopanib","CDK7_157_169","NR",-0.032386541
"MKN1","Pazopanib","CD3Z_146_158","NR",0.052405357
"OKAJIMA","Pazopanib","EPOR_361_373","NR",0.161588833
"NUGC-4","Pazopanib","ART_004_EAIYAAPFAKKKXC","NR",-0.434115648
"MKN74","Pazopanib","TNNT1_2_14","NR",-0.282776475
"MKN45","Pazopanib","VGFR1_1049_1061","NR",0.074735798
"HSC-58","Pazopanib","SRC8_CHICK_492_504","NR",-0.416420937
"NUGC-3","Pazopanib","FGFR3_753_765","NR",0.268399239
"HSC-43","Pazopanib","PDPK1_369_381","R",-0.369769096
"OCUM-1","Pazopanib","VGFR1_1049_1061","NR",0.06758368
"HSC-58","Pazopanib","CD3Z_116_128","NR",0.120237112
"58As1","Pazopanib","PRRX2_202_214","NR",-0.186076641
"HSC-58","Pazopanib","PGFRB_1002_1014","NR",-0.267346621
"HSC-44PE","Pazopanib","VGFR1_1162_1174","NR",-0.19317013
"JR-st","Pazopanib","EPOR_419_431","NR",-0.332194805
"HSC-60","Pazopanib","SRC8_CHICK_470_482","NR",-0.024255395
"NUGC-4","Pazopanib","EPOR_419_431","NR",-0.405119419
"SNU-16","Pazopanib","DYR1A_212_224","R",-0.394365013
"KATO III","Pazopanib","ZBT16_621_633","R",-0.342447817
"MKN7","Pazopanib","RON_1346_1358","NR",-0.580623746
"HSC-44PE","Pazopanib","CD79A_181_193","NR",-0.568354845
"NCI-N87","Pazopanib","ANXA1_14_26","NR",-0.287943125
"KATO III","Pazopanib","RB_804_816","R",-0.38882184
"HSC-59","Pazopanib","PGFRB_1014_1028","NR",-0.157592773
"HSC-40A","Pazopanib","JAK1_1015_1027","R",-0.722802997
"58As1","Pazopanib","FAK1_569_581","NR",-0.178795338
"HSC-43","Pazopanib","VGFR2_1046_1058","R",-0.283552289
"MKN7","Pazopanib","MK10_216_228","NR",-0.08530879
"HSC-45","Pazopanib","VGFR1_1162_1174","NR",-0.038358092
"HSC-60","Pazopanib","INSR_992_1004","NR",-0.365961194
"NCI-N87","Pazopanib","VGFR2_1052_1064","NR",-0.285042971
"HSC-59","Pazopanib","VGFR1_1326_1338","NR",-0.039498091
"SNU-16","Pazopanib","VGFR2_1052_1064","R",-0.251129746
"HSC-58","Pazopanib","CRK_214_226","NR",0.106385469
"44As3","Pazopanib","MK07_211_223","NR",-0.220356464
"HSC-44PE","Pazopanib","EPHA1_774_786","NR",-0.439026713
"OCUM-1","Pazopanib","MET_1227_1239","NR",-0.480988979
"MKN1","Pazopanib","NTRK1_489_501","NR",0.3047508
"HSC-58","Pazopanib","EPOR_419_431","NR",-0.24794054
"JR-st","Pazopanib","PGFRB_709_721","NR",-0.173618913
"HSC-59","Pazopanib","41_654_666","NR",-0.385805726
"HSC-39","Pazopanib","JAK2_563_577","R",-0.285963655
"HSC-40A","Pazopanib","PGFRB_1014_1028","R",-0.532504797
"58As1","Pazopanib","NTRK1_489_501","NR",-0.21244812
"MKN74","Pazopanib","EPHB1_771_783","NR",-0.373048902
"OCUM-1","Pazopanib","CBL_693_705","NR",-0.435950041
"HSC-45","Pazopanib","EGFR_1103_1115","NR",-0.303996325
"HSC-39","Pazopanib","TYRO3_679_691","R",-0.317276359
"HSC-43","Pazopanib","EFS_246_258","R",-0.68759203
"OCUM-1","Pazopanib","PTN11_539_551","NR",-0.503303945
"HSC-40A","Pazopanib","ANXA1_14_26","R",-0.486337304
"HSC-60","Pazopanib","CD3Z_146_158","NR",0.082572699
"HSC-44PE","Pazopanib","FGFR3_753_765","NR",-0.196122289
"NCI-N87","Pazopanib","EGFR_1103_1115","NR",-0.270743012
"MKN1","Pazopanib","MK12_178_190","NR",-0.183461428
"MKN1","Pazopanib","VGFR2_1168_1180","NR",-0.023083687
"IM95","Pazopanib","PTN11_539_551","NR",-0.24580884
"NUGC-4","Pazopanib","CD3Z_146_158","NR",-0.163848698
"NCI-N87","Pazopanib","CDK2_8_20","NR",-0.376754433
"HSC-43","Pazopanib","ERBB2_870_882","R",-0.542016983
"OKAJIMA","Pazopanib","P85A_600_612","NR",-0.169208765
"SNU-16","Pazopanib","PDPK1_369_381","R",-0.218193769
"MKN45","Pazopanib","LAT_194_206","NR",0.031106949
"MKN1","Pazopanib","PAXI_111_123","NR",-0.374118805
"HSC-40A","Pazopanib","RASA1_453_465","R",-0.687304854
"58As1","Pazopanib","ANXA1_14_26","NR",-0.313157082
"OCUM-1","Pazopanib","PGFRB_1014_1028","NR",-0.34470737
"NCI-N87","Pazopanib","MBP_263_275","NR",-0.218222067
"MKN7","Pazopanib","PECA1_706_718","NR",-0.80243516
"MKN45","Pazopanib","NTRK2_696_708","NR",-0.045368034
"MKN7","Pazopanib","ANXA2_17_29","NR",-0.351512492
"OKAJIMA","Pazopanib","MBP_259_271","NR",-0.028495789
"MKN7","Pazopanib","PTN11_539_551","NR",0.03059411
"IM95","Pazopanib","DYR1A_312_324","NR",-0.488641024
"NUGC-3","Pazopanib","FGFR2_762_774","NR",-0.124988437
"HSC-40A","Pazopanib","PGFRB_771_783","R",-0.13071692
"NCI-N87","Pazopanib","C1R_199_211","NR",-0.467552096
"MKN45","Pazopanib","AMPE_5_17","NR",-0.040361643
"HSC-45","Pazopanib","MBP_263_275","NR",0.170038462
"HSC-60","Pazopanib","FGFR1_761_773","NR",-0.551825523
"HSC-58","Pazopanib","PGFRB_768_780","NR",-0.248831034
"NCI-N87","Pazopanib","CDK7_157_169","NR",-0.01184376
"IM95","Pazopanib","41_654_666","NR",-0.559986711
"IM95","Pazopanib","VGFR2_944_956","NR",-0.13706851
"HSC-60","Pazopanib","MK01_180_192","NR",-0.40979439
"MKN1","Pazopanib","ZBT16_621_633","NR",0.168329477
"SNU-16","Pazopanib","PDPK1_2_14","R",-0.387449622
"MKN28","Pazopanib","VGFR2_1052_1064","NR",-0.152729914
"HSC-44PE","Pazopanib","PGFRB_768_780","NR",-0.570919752
"KATO III","Pazopanib","CD3Z_116_128","R",-0.22631675
"MKN74","Pazopanib","ERBB2_870_882","NR",-0.163650632
"MKN45","Pazopanib","NTRK1_489_501","NR",0.437388569
"HSC-43","Pazopanib","EGFR_1165_1177","R",-0.522781014
"HSC-40A","Pazopanib","EGFR_1165_1177","R",-0.412776113
"NUGC-3","Pazopanib","MK10_216_228","NR",-0.155224085
"44As3","Pazopanib","NPT2A_501_513","NR",-0.004723907
"44As3","Pazopanib","SRC8_CHICK_470_482","NR",0.113980412
"HSC-58","Pazopanib","JAK2_563_577","NR",-0.124119997
"OCUM-1","Pazopanib","PDPK1_369_381","NR",-0.323708773
"NUGC-3","Pazopanib","DYR1A_212_224","NR",0.041327417
"MKN7","Pazopanib","PGFRB_709_721","NR",-0.460032225
"NCI-N87","Pazopanib","B3AT_39_51","NR",-0.46125102
"MKN28","Pazopanib","EPHA7_607_619","NR",-0.29369846
"HSC-58","Pazopanib","PAXI_111_123","NR",-0.40654707
"JR-st","Pazopanib","ERBB4_1181_1193","NR",-0.06441164
"NUGC-4","Pazopanib","KSYK_518_530","NR",-0.019655585
"MKN28","Pazopanib","PRGR_786_798","NR",0.136030361
"HSC-58","Pazopanib","PRGR_786_798","NR",-0.106188059
"HSC-58","Pazopanib","LAT_249_261","NR",-0.272789478
"HSC-39","Pazopanib","ERBB2_1241_1253","R",-0.424652576
"NUGC-3","Pazopanib","NTRK2_696_708","NR",-0.131492615
"MKN28","Pazopanib","DYR1A_212_224","NR",0.043891627
"HSC-59","Pazopanib","PGFRB_768_780","NR",-0.257247925
"JR-st","Pazopanib","PAXI_111_123","NR",-0.662918806
"44As3","Pazopanib","PAXI_24_36","NR",-0.557960749
"HSC-40A","Pazopanib","NTRK2_696_708","R",-0.449935675
"58As1","Pazopanib","RASA1_453_465","NR",-0.111131668
"MKN45","Pazopanib","PGFRB_572_584","NR",-0.098771572
"58As1","Pazopanib","ERBB2_870_882","NR",-0.124666691
"NUGC-4","Pazopanib","CD3Z_116_128","NR",-0.172554493
"JR-st","Pazopanib","TEC_512_524","NR",-0.226241946
"HSC-43","Pazopanib","MK07_211_223","R",-0.515240192
"HSC-44PE","Pazopanib","PTN11_539_551","NR",-0.041318178
"HSC-43","Pazopanib","LAT_249_261","R",-0.492622137
"HSC-60","Pazopanib","CD79A_181_193","NR",-0.64839983
"JR-st","Pazopanib","EFS_246_258","NR",-0.608224154
"JR-st","Pazopanib","SRC8_CHICK_476_488","NR",-0.61094451
"HSC-39","Pazopanib","PDPK1_369_381","R",-0.471333504
"NUGC-4","Pazopanib","MK14_173_185","NR",-0.059585333
"JR-st","Pazopanib","FRK_380_392","NR",-0.675590992
"HSC-43","Pazopanib","LAT_194_206","R",-0.740763664
"HSC-43","Pazopanib","NTRK1_489_501","R",-0.10255456
"NCI-N87","Pazopanib","VGFR2_944_956","NR",-0.203654051
"MKN74","Pazopanib","VGFR1_1040_1052","NR",-0.536613405
"MKN74","Pazopanib","ZAP70_485_497","NR",-0.288275599
"58As1","Pazopanib","CD79A_181_193","NR",-0.557591915
"MKN45","Pazopanib","ZBT16_621_633","NR",-0.039121944
"OCUM-1","Pazopanib","EPHA4_589_601","NR",0.102533638
"HSC-60","Pazopanib","DYR1A_212_224","NR",-0.130907655
"44As3","Pazopanib","EGFR_1165_1177","NR",-0.285248756
"OCUM-1","Pazopanib","DYR1A_312_324","NR",-0.225672245
"44As3","Pazopanib","PGFRB_1002_1014","NR",-0.588940144
"KATO III","Pazopanib","DDR1_506_518","R",-0.280692697
"IM95","Pazopanib","ODBA_340_352","NR",-0.299880743
"MKN7","Pazopanib","MK07_211_223","NR",-0.283308029
"HSC-58","Pazopanib","K2C8_425_437","NR",-0.238133192
"OKAJIMA","Pazopanib","CD79A_181_193","NR",-0.170946285
"OKAJIMA","Pazopanib","SRC8_CHICK_476_488","NR",-0.219830588
"NUGC-4","Pazopanib","LAT_249_261","NR",-0.46983695
"58As1","Pazopanib","ENOG_37_49","NR",-0.558877468
"44As3","Pazopanib","PTN11_539_551","NR",-0.114710331
"NUGC-3","Pazopanib","MBP_259_271","NR",0.091313004
"HSC-39","Pazopanib","VGFR2_944_956","R",-0.144251347
"OCUM-1","Pazopanib","PECA1_706_718","NR",-0.574905038
"HSC-45","Pazopanib","FER_707_719","NR",-0.66555953
"HSC-39","Pazopanib","ANXA2_17_29","R",0.100448906
"HSC-59","Pazopanib","PRGR_786_798","NR",-0.088248193
"MKN1","Pazopanib","RON_1346_1358","NR",0.214410141
"JR-st","Pazopanib","PGFRB_1002_1014","NR",-0.171685219
"HSC-45","Pazopanib","CTNB1_79_91","NR",-0.234645128
"MKN1","Pazopanib","C1R_199_211","NR",-0.092222132
"MKN7","Pazopanib","LAT_194_206","NR",-0.306808352
"MKN7","Pazopanib","P85A_600_612","NR",-0.636254311
"58As1","Pazopanib","PGFRB_768_780","NR",-0.017880201
"JR-st","Pazopanib","MBP_263_275","NR",0.04357779
"OCUM-1","Pazopanib","MK01_180_192","NR",-0.108535409
"MKN28","Pazopanib","CRK_214_226","NR",-0.388524771
"NCI-N87","Pazopanib","SRC8_CHICK_470_482","NR",-0.095600642
"MKN7","Pazopanib","FGFR3_753_765","NR",-0.186492205
"OKAJIMA","Pazopanib","DDR1_506_518","NR",-0.009809892
"IM95","Pazopanib","RON_1353_1365","NR",-0.178809285
"44As3","Pazopanib","C1R_199_211","NR",-0.270183682
"HSC-43","Pazopanib","PGFRB_709_721","R",-0.733172178
"NUGC-4","Pazopanib","TEC_512_524","NR",-0.569457889
"NCI-N87","Pazopanib","INSR_992_1004","NR",-0.370439142
"44As3","Pazopanib","ZAP70_485_497","NR",-0.344002724
"KATO III","Pazopanib","TEC_512_524","R",-0.542323589
"MKN74","Pazopanib","EGFR_1165_1177","NR",-0.273499131
"MKN45","Pazopanib","FRK_380_392","NR",-0.166229248
"HSC-58","Pazopanib","FGFR3_753_765","NR",-0.188247442
"KATO III","Pazopanib","NTRK1_489_501","R",-0.182628512
"HSC-59","Pazopanib","EFS_246_258","NR",-0.468443394
"HSC-60","Pazopanib","FES_706_718","NR",-0.563958645
"MKN74","Pazopanib","MET_1227_1239","NR",-0.426610351
"HSC-40A","Pazopanib","VGFR1_1049_1061","R",-0.32761389
"NCI-N87","Pazopanib","41_654_666","NR",-0.255441815
"58As1","Pazopanib","RET_1022_1034","NR",-0.407799244
"HSC-60","Pazopanib","CBL_693_705","NR",-0.419566631
"MKN1","Pazopanib","PRRX2_202_214","NR",-0.140199497
"IM95","Pazopanib","PGFRB_1014_1028","NR",-0.42176342
"HSC-45","Pazopanib","PDPK1_369_381","NR",-0.43235302
"HSC-45","Pazopanib","VINC_815_827","NR",-0.321540356
"HSC-60","Pazopanib","EGFR_1190_1202","NR",-0.717246175
"MKN74","Pazopanib","PDPK1_369_381","NR",-0.59369874
"58As1","Pazopanib","PGFRB_771_783","NR",0.019510746
"KATO III","Pazopanib","EPHA2_765_777","R",-0.563817143
"JR-st","Pazopanib","EPHB4_583_595","NR",0.01022774
"SNU-16","Pazopanib","MBP_198_210","R",-0.213626564
"SNU-16","Pazopanib","MK12_178_190","R",-0.193653107
"MKN28","Pazopanib","FER_707_719","NR",-0.247399017
"HSC-59","Pazopanib","CBL_693_705","NR",-0.407387137
"HSC-43","Pazopanib","ODBA_340_352","R",-0.582530499
"NUGC-3","Pazopanib","NTRK1_489_501","NR",-0.18962872
"44As3","Pazopanib","KSYK_518_530","NR",-0.129348636
"HSC-60","Pazopanib","ODBA_340_352","NR",-0.630998373
"MKN45","Pazopanib","ANXA2_17_29","NR",-0.026579538
"IM95","Pazopanib","CTNB1_79_91","NR",-0.522954106
"MKN1","Pazopanib","PRGR_786_798","NR",-0.158811688
"IM95","Pazopanib","VGFR1_1326_1338","NR",-0.361297727
"MKN1","Pazopanib","PGFRB_572_584","NR",-0.118132114
"MKN7","Pazopanib","ERBB2_870_882","NR",-0.526535749
"NCI-N87","Pazopanib","DCX_109_121","NR",0.044463634
"OKAJIMA","Pazopanib","41_654_666","NR",0.008719762
"HSC-59","Pazopanib","CDK2_8_20","NR",-0.351284027
"MKN74","Pazopanib","MK01_180_192","NR",0.047137618
"IM95","Pazopanib","ZAP70_485_497","NR",-0.529097795
"OKAJIMA","Pazopanib","VGFR2_989_1001","NR",-0.047916729
"NUGC-4","Pazopanib","C1R_199_211","NR",-0.10484302
"OKAJIMA","Pazopanib","FAK2_572_584","NR",0.074775457
"OCUM-1","Pazopanib","PGFRB_572_584","NR",-0.589616895
"HSC-43","Pazopanib","PGFRB_1014_1028","R",-0.641360998
"HSC-40A","Pazopanib","CTNB1_79_91","R",-0.144568086
"MKN45","Pazopanib","ERBB4_1181_1193","NR",-0.115905605
"HSC-59","Pazopanib","MK10_216_228","NR",-0.193411946
"NUGC-3","Pazopanib","CDK2_8_20","NR",-0.642438173
"SNU-16","Pazopanib","MK01_180_192","R",-0.198957562
"OKAJIMA","Pazopanib","ACHD_383_395","NR",0.137541607
"MKN74","Pazopanib","FGFR2_762_774","NR",-0.454051495
"MKN7","Pazopanib","SRC8_CHICK_492_504","NR",-0.692388773
"OCUM-1","Pazopanib","RAF1_332_344","NR",-0.29491508
"HSC-58","Pazopanib","ERBB2_1241_1253","NR",-0.287997484
"KATO III","Pazopanib","MBP_259_271","R",-0.158764958
"HSC-60","Pazopanib","LCK_387_399","NR",-0.568015575
"MKN1","Pazopanib","EPHB4_583_595","NR",-0.220552683
"HSC-44PE","Pazopanib","DYR1A_212_224","NR",0.091264725
"HSC-43","Pazopanib","EPHB1_771_783","R",-0.579416513
"MKN7","Pazopanib","EPHA7_607_619","NR",-0.547791243
"MKN74","Pazopanib","PGFRB_768_780","NR",-0.347852588
"HSC-39","Pazopanib","SRC8_CHICK_492_504","R",-0.507801056
"KATO III","Pazopanib","DYR1A_312_324","R",-0.518960714
"HSC-44PE","Pazopanib","EPHA4_589_601","NR",0.16193819
"MKN7","Pazopanib","AMPE_5_17","NR",-0.012321949
"NCI-N87","Pazopanib","PP2AB_297_309","NR",-0.11166326
"HSC-43","Pazopanib","NCF1_313_325","R",-0.367405295
"MKN7","Pazopanib","RET_1022_1034","NR",-0.58735919
"IM95","Pazopanib","VGFR1_1049_1061","NR",-0.053131759
"NUGC-3","Pazopanib","PECA1_706_718","NR",-0.780203223
"HSC-59","Pazopanib","DYR1A_312_324","NR",-0.105539203
"MKN28","Pazopanib","NCF1_313_325","NR",0.153854057
"HSC-43","Pazopanib","VGFR3_1061_1073","R",-0.278369308
"HSC-59","Pazopanib","EGFR_1165_1177","NR",-0.091828585
"MKN7","Pazopanib","CD3Z_146_158","NR",-0.489051819
"HSC-39","Pazopanib","CALM_95_107","R",-0.545710027
"OCUM-1","Pazopanib","CRK_214_226","NR",-0.167155147
"MKN45","Pazopanib","VGFR3_1061_1073","NR",0.069739975
"NUGC-3","Pazopanib","CRK_214_226","NR",-0.445505559
"HSC-40A","Pazopanib","LAT_194_206","R",-0.397274017
"HSC-59","Pazopanib","MK01_180_192","NR",-0.09311974
"OKAJIMA","Pazopanib","CDK7_157_169","NR",0.149907753
"OCUM-1","Pazopanib","FES_706_718","NR",-0.517132998
"HSC-59","Pazopanib","ERBB2_1241_1253","NR",-0.28781867
"JR-st","Pazopanib","PRGR_786_798","NR",-0.191593587
"SNU-16","Pazopanib","K2C8_425_437","R",-0.16553849
"JR-st","Pazopanib","ART_004_EAIYAAPFAKKKXC","NR",-0.604900956
"MKN7","Pazopanib","FER_707_719","NR",-0.678009868
"HSC-58","Pazopanib","ERBB2_870_882","NR",-0.095025301
"NUGC-3","Pazopanib","EGFR_1165_1177","NR",-0.273159385
"MKN28","Pazopanib","ERBB4_1181_1193","NR",-0.001885692
"NUGC-4","Pazopanib","VGFR3_1061_1073","NR",0.1216259
"HSC-45","Pazopanib","MK14_173_185","NR",0.062728167
"MKN7","Pazopanib","PAXI_24_36","NR",-0.623970032
"OKAJIMA","Pazopanib","VGFR2_1046_1058","NR",-0.053925514
"MKN1","Pazopanib","CD79A_181_193","NR",-0.35444212
"HSC-44PE","Pazopanib","PRRX2_202_214","NR",0.033617377
"58As1","Pazopanib","K2C8_425_437","NR",-0.215106249
"IM95","Pazopanib","NTRK1_489_501","NR",-0.081011653
"HSC-58","Pazopanib","PGFRB_771_783","NR",-0.064853907
"JR-st","Pazopanib","MBP_259_271","NR",-0.180856586
"MKN74","Pazopanib","NCF1_313_325","NR",-0.249991655
"SNU-16","Pazopanib","MET_1227_1239","R",-0.468926549
"OCUM-1","Pazopanib","EPOR_361_373","NR",-0.565590382
"MKN28","Pazopanib","SRC8_CHICK_470_482","NR",-0.167273328
"HSC-44PE","Pazopanib","TYRO3_679_691","NR",0.184253454
"NCI-N87","Pazopanib","NTRK1_489_501","NR",-0.064992584
"HSC-43","Pazopanib","ERBB2_1241_1253","R",-0.30209446
"OCUM-1","Pazopanib","K2C6B_53_65","NR",-0.2601372
"MKN28","Pazopanib","PAXI_24_36","NR",-0.351147503
"MKN28","Pazopanib","PRRX2_202_214","NR",-0.166745499
"HSC-58","Pazopanib","MET_1227_1239","NR",-0.204179287
"MKN45","Pazopanib","PGFRB_771_783","NR",-0.494994164
"HSC-60","Pazopanib","B3AT_39_51","NR",-0.338758647
"OCUM-1","Pazopanib","LAT_194_206","NR",-0.250602007
"KATO III","Pazopanib","PGFRB_1014_1028","R",-1.300247431
"MKN1","Pazopanib","PTN11_539_551","NR",0.268437713
"MKN1","Pazopanib","FER_707_719","NR",-0.171259567
"JR-st","Pazopanib","MBP_198_210","NR",-0.165812492
"OKAJIMA","Pazopanib","ART_004_EAIYAAPFAKKKXC","NR",0.123864412
"MKN28","Pazopanib","PGFRB_572_584","NR",-0.24467738
"NUGC-3","Pazopanib","VINC_815_827","NR",-0.157510281
"JR-st","Pazopanib","LAT_249_261","NR",-0.669392228
"58As1","Pazopanib","PRGR_786_798","NR",-0.224458456
"JR-st","Pazopanib","ZAP70_485_497","NR",-0.236615658
"58As1","Pazopanib","LAT_194_206","NR",-0.321834087
"NCI-N87","Pazopanib","EPHB1_771_783","NR",-0.446011454
"44As3","Pazopanib","EPHA4_589_601","NR",0.094806314
"NUGC-3","Pazopanib","FRK_380_392","NR",-0.537143707
"44As3","Pazopanib","CRK_214_226","NR",-0.352825284
"MKN45","Pazopanib","PAXI_111_123","NR",-0.231427506
"MKN28","Pazopanib","CBL_693_705","NR",-0.022667011
"HSC-58","Pazopanib","K2C6B_53_65","NR",-0.049063683
"JR-st","Pazopanib","EGFR_1165_1177","NR",-0.257135272
"NUGC-3","Pazopanib","MET_1227_1239","NR",-0.406301975
"OKAJIMA","Pazopanib","JAK2_563_577","NR",-0.194544241
"NUGC-4","Pazopanib","ODBA_340_352","NR",-0.277853012
"MKN7","Pazopanib","LAT_249_261","NR",-0.39115417
"MKN45","Pazopanib","VGFR1_1326_1338","NR",-0.175841972
"NUGC-4","Pazopanib","ZBT16_621_633","NR",-0.033731759
"HSC-45","Pazopanib","PGFRB_1014_1028","NR",-0.426084518
"MKN1","Pazopanib","K2C6B_53_65","NR",0.180332348
"MKN28","Pazopanib","JAK1_1015_1027","NR",-0.188093901
"HSC-44PE","Pazopanib","PGFRB_572_584","NR",-0.591965795
"MKN45","Pazopanib","EPHA2_765_777","NR",-0.283203453
"HSC-59","Pazopanib","FAK2_572_584","NR",-0.357302427
"HSC-39","Pazopanib","P85A_600_612","R",-0.438464284
"MKN74","Pazopanib","C1R_199_211","NR",-0.198680997
"HSC-59","Pazopanib","MK14_173_185","NR",-0.110603273
"HSC-45","Pazopanib","EGFR_1190_1202","NR",-0.4324224
"NCI-N87","Pazopanib","DDR1_506_518","NR",0.42338118
"KATO III","Pazopanib","AMPE_5_17","R",-0.323245645
"HSC-40A","Pazopanib","LCK_387_399","R",-0.413678527
"HSC-60","Pazopanib","PDPK1_2_14","NR",-0.537137628
"MKN45","Pazopanib","SRC8_CHICK_470_482","NR",-0.611160398
"44As3","Pazopanib","EGFR_1103_1115","NR",-0.384315729
"HSC-39","Pazopanib","CBL_693_705","R",-0.514622092
"44As3","Pazopanib","CD3Z_116_128","NR",-0.742330134
"SNU-16","Pazopanib","EPHA7_607_619","R",-0.374739408
"MKN28","Pazopanib","RON_1346_1358","NR",-0.344930023
"JR-st","Pazopanib","VGFR2_944_956","NR",-0.126897931
"JR-st","Pazopanib","LCK_387_399","NR",-0.38835597
"MKN74","Pazopanib","DYR1A_212_224","NR",-0.187255859
"44As3","Pazopanib","RB_804_816","NR",-0.319795489
"MKN45","Pazopanib","CBL_693_705","NR",-0.212635994
"JR-st","Pazopanib","K2C6B_53_65","NR",-0.21582675
"JR-st","Pazopanib","LAT_194_206","NR",-0.630472422
"JR-st","Pazopanib","ENOG_37_49","NR",-0.682957649
"MKN7","Pazopanib","TNNT1_2_14","NR",-0.200098813
"MKN7","Pazopanib","EPHA2_765_777","NR",-0.696964025
"NUGC-3","Pazopanib","CBL_693_705","NR",-0.186543226
"HSC-58","Pazopanib","LAT_194_206","NR",-0.212578535
"MKN45","Pazopanib","SRC8_CHICK_476_488","NR",-0.388714939
"HSC-43","Pazopanib","MK14_173_185","R",-0.25327754
"KATO III","Pazopanib","MK14_173_185","R",-0.299019158
"MKN1","Pazopanib","KSYK_518_530","NR",-0.031459808
"HSC-40A","Pazopanib","VGFR2_1046_1058","R",0.077128112
"MKN7","Pazopanib","PAXI_111_123","NR",-0.755717278
"IM95","Pazopanib","INSR_992_1004","NR",-0.240364194
"MKN1","Pazopanib","EGFR_1103_1115","NR",-0.005208015
"HSC-43","Pazopanib","VGFR1_1040_1052","R",-0.239247203
"SNU-16","Pazopanib","MK14_173_185","R",-0.124549925
"NCI-N87","Pazopanib","FGFR3_753_765","NR",-0.319036007
"MKN1","Pazopanib","ERBB2_870_882","NR",0.643356264
"KATO III","Pazopanib","RON_1353_1365","R",-0.381254792
"HSC-39","Pazopanib","DYR1A_312_324","R",-0.340781212
"MKN45","Pazopanib","CRK_214_226","NR",-0.520154595
"MKN1","Pazopanib","DDR1_506_518","NR",0.276225805
"HSC-43","Pazopanib","RAF1_332_344","R",-0.542503715
"MKN45","Pazopanib","PRGR_786_798","NR",-0.194659159
"HSC-45","Pazopanib","EPHB1_771_783","NR",-0.680996895
"MKN45","Pazopanib","EGFR_1103_1115","NR",-0.452350616
"58As1","Pazopanib","ZAP70_485_497","NR",-0.249682665
"58As1","Pazopanib","VGFR1_1162_1174","NR",0.10222435
"MKN1","Pazopanib","PGFRB_709_721","NR",-0.101617493
"OCUM-1","Pazopanib","ANXA1_14_26","NR",-0.30934763
"HSC-60","Pazopanib","CTNB1_79_91","NR",-0.259326577
"HSC-58","Pazopanib","EPHA7_607_619","NR",-0.284968138
"MKN28","Pazopanib","PGFRB_1002_1014","NR",-0.198239967
"HSC-44PE","Pazopanib","EPHA7_607_619","NR",-0.251222372
"IM95","Pazopanib","VGFR3_1061_1073","NR",-0.126827359
"HSC-44PE","Pazopanib","ZAP70_485_497","NR",-0.372171879
"HSC-60","Pazopanib","PRRX2_202_214","NR",-0.315564513
"JR-st","Pazopanib","PDPK1_2_14","NR",-0.668263674
"OCUM-1","Pazopanib","FGFR2_762_774","NR",-0.407501101
"HSC-44PE","Pazopanib","VGFR2_1168_1180","NR",0.008652091
"MKN28","Pazopanib","EPHA4_589_601","NR",0.186478451
"MKN45","Pazopanib","MK01_180_192","NR",-0.296844006
"OKAJIMA","Pazopanib","MBP_263_275","NR",-0.092173733
"KATO III","Pazopanib","FER_707_719","R",-0.448098183
"HSC-58","Pazopanib","RET_1022_1034","NR",-0.31783247
"HSC-39","Pazopanib","NPT2A_501_513","R",-0.20667088
"MKN7","Pazopanib","KSYK_518_530","NR",-0.076569557
"HSC-45","Pazopanib","RB_804_816","NR",-0.317191124
"HSC-60","Pazopanib","NPT2A_501_513","NR",-0.175141335
"HSC-44PE","Pazopanib","CD3Z_116_128","NR",-0.138032436
"MKN7","Pazopanib","CD79A_181_193","NR",-0.779882908
"HSC-60","Pazopanib","EFS_246_258","NR",-0.707277536
"HSC-40A","Pazopanib","PLCG1_764_776","R",-0.66773653
"KATO III","Pazopanib","VGFR1_1206_1218","R",-0.167609453
"MKN45","Pazopanib","EGFR_1190_1202","NR",-0.081395708
"SNU-16","Pazopanib","VGFR2_1046_1058","R",0.036230862
"MKN28","Pazopanib","PGFRB_709_721","NR",-0.240338326
"IM95","Pazopanib","MET_1227_1239","NR",-0.35800004
"HSC-44PE","Pazopanib","K2C8_425_437","NR",-0.25225389
"SNU-16","Pazopanib","PTN11_539_551","R",-0.309071302
"NUGC-3","Pazopanib","ANXA2_17_29","NR",-0.182110548
"KATO III","Pazopanib","ERBB2_1241_1253","R",-0.711235404
"NUGC-4","Pazopanib","NPT2A_501_513","NR",-0.092310905
"OKAJIMA","Pazopanib","LAT_249_261","NR",-0.043395679
"HSC-59","Pazopanib","PRRX2_202_214","NR",-0.221813321
"58As1","Pazopanib","EPOR_419_431","NR",-0.17337513
"HSC-43","Pazopanib","INSR_992_1004","R",-0.326412797
"OKAJIMA","Pazopanib","MK14_173_185","NR",-0.127810076
"HSC-45","Pazopanib","DDR1_506_518","NR",0.039914608
"MKN7","Pazopanib","ANXA1_14_26","NR",-0.533792377
"NUGC-4","Pazopanib","PLCG1_764_776","NR",-0.512083769
"MKN28","Pazopanib","ART_004_EAIYAAPFAKKKXC","NR",-0.236303493
"OCUM-1","Pazopanib","SRC8_CHICK_476_488","NR",-0.608148575
"HSC-40A","Pazopanib","CRK_214_226","R",-0.229492843
"MKN7","Pazopanib","VGFR1_1049_1061","NR",0.15481627
"MKN7","Pazopanib","TYRO3_679_691","NR",-0.224666715
"58As1","Pazopanib","CD3Z_116_128","NR",0.045476198
"IM95","Pazopanib","TYRO3_679_691","NR",-0.0000547171
"44As3","Pazopanib","NCF1_313_325","NR",-0.033817768
"NUGC-4","Pazopanib","FGFR3_753_765","NR",-0.300192714
"MKN1","Pazopanib","NTRK2_696_708","NR",0.051655531
"IM95","Pazopanib","SRC8_CHICK_492_504","NR",-0.819816351
"HSC-60","Pazopanib","PRGR_786_798","NR",-0.171121359
"HSC-60","Pazopanib","VGFR2_944_956","NR",-0.325448871
"44As3","Pazopanib","VGFR3_1061_1073","NR",-0.338848829
"HSC-59","Pazopanib","NPT2A_501_513","NR",-0.10637188
"HSC-40A","Pazopanib","ANXA2_17_29","R",-0.216771901
"KATO III","Pazopanib","SRC8_CHICK_476_488","R",-0.628334284
"HSC-44PE","Pazopanib","ERBB4_1277_1289","NR",-0.23906672
"HSC-59","Pazopanib","ERBB2_870_882","NR",-0.059353113
"HSC-44PE","Pazopanib","ANXA1_14_26","NR",-0.254633069
"NUGC-4","Pazopanib","B3AT_39_51","NR",-0.026780009
"HSC-40A","Pazopanib","VGFR1_1040_1052","R",-0.382227838
"HSC-45","Pazopanib","RON_1353_1365","NR",-0.200822353
"MKN7","Pazopanib","MBP_198_210","NR",-0.365588784
"OCUM-1","Pazopanib","PRRX2_202_214","NR",-0.495458364
"HSC-60","Pazopanib","LAT_194_206","NR",-0.317171931
"MKN7","Pazopanib","EFS_246_258","NR",-0.75132823
"58As1","Pazopanib","EPHB1_771_783","NR",-0.26053834
"HSC-58","Pazopanib","ANXA2_17_29","NR",0.018408298
"HSC-45","Pazopanib","PAXI_111_123","NR",-0.770801544
"NUGC-4","Pazopanib","FAK1_569_581","NR",-0.023397207
"NUGC-3","Pazopanib","FAK1_569_581","NR",-0.185524344
"NCI-N87","Pazopanib","VGFR2_1168_1180","NR",-0.165313646
"MKN7","Pazopanib","JAK1_1015_1027","NR",-0.372967839
"44As3","Pazopanib","CD79A_181_193","NR",-0.789160252
"NUGC-3","Pazopanib","CD3Z_116_128","NR",-0.601368248
"HSC-59","Pazopanib","PAXI_111_123","NR",-0.343503475
"HSC-39","Pazopanib","EPHB4_583_595","R",-0.155083597
"NUGC-4","Pazopanib","VGFR2_944_956","NR",-0.245881915
"NUGC-3","Pazopanib","VGFR2_1168_1180","NR",-0.149606943
"KATO III","Pazopanib","EPHA4_589_601","R",-0.264908433
"HSC-58","Pazopanib","DDR1_506_518","NR",0.034294605
"MKN1","Pazopanib","ANXA2_17_29","NR",0.317707092
"MKN1","Pazopanib","EPHB1_771_783","NR",-0.221859142
"HSC-39","Pazopanib","EFS_246_258","R",-0.566725731
"HSC-39","Pazopanib","MK01_180_192","R",-0.089263558
"HSC-39","Pazopanib","K2C6B_53_65","R",-0.376389742
"HSC-43","Pazopanib","PDPK1_2_14","R",-0.495513916
"OCUM-1","Pazopanib","ERBB4_1181_1193","NR",-0.101114452
"MKN74","Pazopanib","ZBT16_621_633","NR",-0.07202363
"MKN7","Pazopanib","ACHD_383_395","NR",-0.111840487
"KATO III","Pazopanib","PGFRB_709_721","R",-0.668337464
"HSC-59","Pazopanib","ANXA2_17_29","NR",-0.021702766
"MKN1","Pazopanib","VGFR1_1049_1061","NR",0.128426746
"NCI-N87","Pazopanib","CTNB1_79_91","NR",-0.328820437
"MKN45","Pazopanib","VGFR2_1052_1064","NR",-0.46047163
"OKAJIMA","Pazopanib","TNNT1_2_14","NR",-0.084926881
"HSC-44PE","Pazopanib","MBP_259_271","NR",-0.046078742
"NUGC-3","Pazopanib","41_654_666","NR",-0.475544691
"NCI-N87","Pazopanib","PGFRB_709_721","NR",-0.528060019
"NUGC-3","Pazopanib","PGFRB_709_721","NR",-0.340846539
"58As1","Pazopanib","RAF1_332_344","NR",-0.167026043
"MKN28","Pazopanib","PGFRB_768_780","NR",-0.232599422
"HSC-44PE","Pazopanib","EGFR_1190_1202","NR",-0.140241742
"MKN1","Pazopanib","INSR_992_1004","NR",0.161674067
"NUGC-4","Pazopanib","CBL_693_705","NR",-0.283504725
"IM95","Pazopanib","FAK1_569_581","NR",-0.274082065
"JR-st","Pazopanib","EPHA4_589_601","NR",-0.052440941
"NUGC-4","Pazopanib","JAK1_1015_1027","NR",-0.264159441
"HSC-39","Pazopanib","KSYK_518_530","R",-0.475904405
"MKN74","Pazopanib","PGFRB_709_721","NR",-0.343613744
"HSC-40A","Pazopanib","C1R_199_211","R",-0.143450379
"HSC-40A","Pazopanib","PTN11_539_551","R",-0.413826108
"KATO III","Pazopanib","PGFRB_1002_1014","R",-0.563109517
"HSC-44PE","Pazopanib","EGFR_1165_1177","NR",-0.11024189
"HSC-40A","Pazopanib","DYR1A_212_224","R",-0.373513579
"MKN45","Pazopanib","CDK7_157_169","NR",0.021748384
"HSC-59","Pazopanib","ODBA_340_352","NR",-0.406572819
"MKN28","Pazopanib","CTNB1_79_91","NR",-0.299361318
"NUGC-4","Pazopanib","EPHA7_607_619","NR",-0.48439455
"OKAJIMA","Pazopanib","PGFRB_768_780","NR",-0.09379784
"HSC-44PE","Pazopanib","LAT_249_261","NR",-0.358498096
"IM95","Pazopanib","FGFR2_762_774","NR",-0.418005943
"MKN28","Pazopanib","CD79A_181_193","NR",-0.334811062
"OKAJIMA","Pazopanib","ERBB4_1181_1193","NR",0.133105516
"NCI-N87","Pazopanib","EFS_246_258","NR",-0.506292641
"HSC-40A","Pazopanib","ZBT16_621_633","R",-0.263072431
"HSC-59","Pazopanib","MK12_178_190","NR",0.109034777
"NUGC-4","Pazopanib","TYRO3_679_691","NR",-0.272340417
"MKN28","Pazopanib","RET_1022_1034","NR",-0.221494839
"HSC-40A","Pazopanib","FGFR3_753_765","R",-0.389368773
"MKN1","Pazopanib","MBP_263_275","NR",0.260918736
"MKN74","Pazopanib","EPHA7_607_619","NR",-0.469134092
"58As1","Pazopanib","MBP_259_271","NR",-0.075731039
"HSC-58","Pazopanib","CDK7_157_169","NR",0.007029772
"58As1","Pazopanib","RON_1346_1358","NR",-0.135614872
"NCI-N87","Pazopanib","EPHA4_589_601","NR",-0.182107374
"HSC-43","Pazopanib","C1R_199_211","R",-0.184537292
"58As1","Pazopanib","PTN11_539_551","NR",-0.088415146
"OKAJIMA","Pazopanib","VGFR2_944_956","NR",0.031386852
"NUGC-3","Pazopanib","PGFRB_771_783","NR",-0.329326391
"MKN1","Pazopanib","LAT_249_261","NR",0.059608459
"IM95","Pazopanib","ENOG_37_49","NR",-1.130414009
"HSC-58","Pazopanib","MK07_211_223","NR",-0.182206869
"HSC-39","Pazopanib","LAT_249_261","R",-0.532155991
"MKN45","Pazopanib","PRRX2_202_214","NR",-0.137413025
"OKAJIMA","Pazopanib","FGFR2_762_774","NR",0.142340422
"58As1","Pazopanib","EFS_246_258","NR",-0.673913479
"HSC-45","Pazopanib","EPOR_419_431","NR",-0.422580242
"KATO III","Pazopanib","RAF1_332_344","R",-0.664812207
"44As3","Pazopanib","RON_1353_1365","NR",-0.403016448
"HSC-45","Pazopanib","EPHA4_589_601","NR",-0.255506277
"NUGC-4","Pazopanib","K2C8_425_437","NR",-0.192428708
"HSC-60","Pazopanib","MK07_211_223","NR",-0.425683618
"OKAJIMA","Pazopanib","NTRK1_489_501","NR",0.246847391
"MKN28","Pazopanib","KSYK_518_530","NR",-0.165225863
"44As3","Pazopanib","PLCG1_764_776","NR",-0.781181574
"HSC-43","Pazopanib","FAK1_569_581","R",-0.479427218
"MKN45","Pazopanib","EPHB4_583_595","NR",0.259023815
"NUGC-4","Pazopanib","MBP_263_275","NR",0.133249998
"SNU-16","Pazopanib","RB_804_816","R",-0.329055071
"SNU-16","Pazopanib","VGFR2_1168_1180","R",-0.172958255
"HSC-45","Pazopanib","CALM_95_107","NR",-0.227742195
"NCI-N87","Pazopanib","ERBB4_1277_1289","NR",-0.328095585
"NCI-N87","Pazopanib","P85A_600_612","NR",-0.466966957
"OKAJIMA","Pazopanib","K2C6B_53_65","NR",0.054371674
"HSC-60","Pazopanib","VINC_815_827","NR",-0.232483029
"44As3","Pazopanib","EPOR_419_431","NR",-0.509392977
"OCUM-1","Pazopanib","PGFRB_768_780","NR",-0.011909187
"HSC-59","Pazopanib","EPHB4_583_595","NR",-0.025554657
"JR-st","Pazopanib","FER_707_719","NR",-0.384543657
"OCUM-1","Pazopanib","ANXA2_17_29","NR",-0.097796559
"HSC-40A","Pazopanib","EPHA1_774_786","R",-0.44328475
"MKN45","Pazopanib","CD3Z_146_158","NR",0.014189939
"NCI-N87","Pazopanib","ZBT16_621_633","NR",0.249830082
"HSC-58","Pazopanib","PGFRB_572_584","NR",-0.189979076
"MKN1","Pazopanib","VGFR2_1046_1058","NR",-0.064947844
"HSC-60","Pazopanib","PAXI_24_36","NR",-0.606160402
"HSC-44PE","Pazopanib","PAXI_111_123","NR",-0.780390978
"NUGC-3","Pazopanib","TYRO3_679_691","NR",-0.267931461
"JR-st","Pazopanib","ERBB2_870_882","NR",-0.367073774
"HSC-43","Pazopanib","EGFR_1190_1202","R",-0.696898103
"HSC-40A","Pazopanib","P85A_600_612","R",-0.551098943
"NUGC-3","Pazopanib","ERBB2_1241_1253","NR",-0.417745948
"JR-st","Pazopanib","VGFR1_1040_1052","NR",0.188108504
"MKN74","Pazopanib","NTRK1_489_501","NR",0.040406108
"HSC-60","Pazopanib","VGFR1_1049_1061","NR",0.022457004
"NCI-N87","Pazopanib","RB_804_816","NR",-0.213637516
"HSC-43","Pazopanib","FES_706_718","R",-0.54502511
"KATO III","Pazopanib","PDPK1_369_381","R",-0.485252738
"IM95","Pazopanib","JAK2_563_577","NR",-0.234578133
"HSC-58","Pazopanib","MK12_178_190","NR",-0.068894625
"OCUM-1","Pazopanib","INSR_992_1004","NR",-0.423293352
"58As1","Pazopanib","VGFR1_1326_1338","NR",-0.28380537
"JR-st","Pazopanib","PP2AB_297_309","NR",-0.061285973
"OCUM-1","Pazopanib","MBP_259_271","NR",-0.111678004
"OCUM-1","Pazopanib","K2C8_425_437","NR",-0.146353245
"HSC-43","Pazopanib","VGFR2_989_1001","R",-0.622930408
"IM95","Pazopanib","ERBB2_870_882","NR",-0.238127232
"NUGC-3","Pazopanib","MBP_263_275","NR",0.108194113
"HSC-60","Pazopanib","MK10_216_228","NR",-0.578053713
"MKN45","Pazopanib","ODBA_340_352","NR",-0.233628824
"HSC-59","Pazopanib","CDK7_157_169","NR",-0.04193002
"IM95","Pazopanib","C1R_199_211","NR",-0.205782652
"HSC-59","Pazopanib","VGFR1_1049_1061","NR",0.114663422
"NUGC-4","Pazopanib","LCK_387_399","NR",-0.308543205
"44As3","Pazopanib","FER_707_719","NR",-0.622125626
"MKN1","Pazopanib","NCF1_313_325","NR",0.148118496
"MKN7","Pazopanib","NCF1_313_325","NR",-0.110131502
"JR-st","Pazopanib","B3AT_39_51","NR",-0.358486116
"HSC-43","Pazopanib","AMPE_5_17","R",-0.293603361
"HSC-39","Pazopanib","PGFRB_771_783","R",-0.007226944
"HSC-44PE","Pazopanib","SRC8_CHICK_470_482","NR",0.015401423
"HSC-39","Pazopanib","EPHA7_607_619","R",-0.378308058
"MKN45","Pazopanib","VGFR2_1168_1180","NR",-0.074169874
"HSC-60","Pazopanib","VGFR1_1040_1052","NR",-0.255833209
"HSC-45","Pazopanib","ENOG_37_49","NR",-0.922814846
"HSC-44PE","Pazopanib","CDK2_8_20","NR",-0.312975645
"OCUM-1","Pazopanib","EPHB1_771_783","NR",-0.484796762
"58As1","Pazopanib","CDK7_157_169","NR",0.149392128
"OKAJIMA","Pazopanib","FGFR3_753_765","NR",0.093673624
"SNU-16","Pazopanib","LAT_249_261","R",-0.241818547
"JR-st","Pazopanib","FGFR3_753_765","NR",-0.379336357
"KATO III","Pazopanib","VGFR1_1162_1174","R",-0.423395753
"OCUM-1","Pazopanib","JAK2_563_577","NR",-0.231736541
"JR-st","Pazopanib","MK01_180_192","NR",-0.085305333
"44As3","Pazopanib","NTRK2_696_708","NR",-0.203227878
"HSC-45","Pazopanib","ACHD_383_395","NR",-0.082497358
"MKN45","Pazopanib","DDR1_506_518","NR",0.341658026
"HSC-45","Pazopanib","CBL_693_705","NR",-0.356199741
"NUGC-3","Pazopanib","PTN11_539_551","NR",0.166155577
"NCI-N87","Pazopanib","PRGR_786_798","NR",-0.031974275
"HSC-59","Pazopanib","ENOG_37_49","NR",-0.560510397
"HSC-44PE","Pazopanib","RAF1_332_344","NR",-0.367934823
"KATO III","Pazopanib","INSR_992_1004","R",-0.489065647
"OKAJIMA","Pazopanib","EPHB1_771_783","NR",-0.087721743
"44As3","Pazopanib","LAT_194_206","NR",-0.378544688
"44As3","Pazopanib","MBP_263_275","NR",0.073078632
"HSC-45","Pazopanib","MBP_259_271","NR",-0.125447989
"MKN45","Pazopanib","MK12_178_190","NR",-0.139951542
"HSC-44PE","Pazopanib","DYR1A_312_324","NR",-0.077533126
"NUGC-3","Pazopanib","EPHA1_774_786","NR",-0.533286333
"MKN28","Pazopanib","EGFR_1103_1115","NR",-0.276167065
"HSC-43","Pazopanib","MBP_259_271","R",0.017014623
"MKN45","Pazopanib","P85A_600_612","NR",-0.499970764
"OCUM-1","Pazopanib","ART_004_EAIYAAPFAKKKXC","NR",-0.500771999
"JR-st","Pazopanib","AMPE_5_17","NR",-0.002441287
"HSC-60","Pazopanib","EGFR_1103_1115","NR",-0.372559786
"MKN7","Pazopanib","FGFR2_762_774","NR",-0.056901336
"HSC-60","Pazopanib","41_654_666","NR",-0.440314293
"HSC-58","Pazopanib","MBP_263_275","NR",-0.172117233
"IM95","Pazopanib","P85A_600_612","NR",-0.538086891
"IM95","Pazopanib","PGFRB_572_584","NR",-0.873774052
"NUGC-4","Pazopanib","NTRK2_696_708","NR",-0.197321415
"HSC-45","Pazopanib","LCK_387_399","NR",-0.618727922
"NUGC-3","Pazopanib","RET_1022_1034","NR",-0.53236866
"JR-st","Pazopanib","JAK1_1015_1027","NR",-0.142079949
"HSC-43","Pazopanib","PGFRB_572_584","R",-0.704285145
"44As3","Pazopanib","CDK7_157_169","NR",0.079673767
"NCI-N87","Pazopanib","ENOG_37_49","NR",-0.49956274
"MKN74","Pazopanib","41_654_666","NR",-0.358608127
"HSC-45","Pazopanib","VGFR1_1326_1338","NR",-0.405967236
"NUGC-4","Pazopanib","RB_804_816","NR",-0.331268787
"HSC-43","Pazopanib","ERBB4_1277_1289","R",-0.377180099
"MKN7","Pazopanib","MK14_173_185","NR",-0.398534596
"MKN7","Pazopanib","ERBB4_1277_1289","NR",-0.203206182
"HSC-60","Pazopanib","JAK2_563_577","NR",-0.240936041
"58As1","Pazopanib","VGFR2_1052_1064","NR",0.108634472
"MKN1","Pazopanib","LCK_387_399","NR",0.12902315
"MKN7","Pazopanib","EPHB1_921_933","NR",-0.196133256
"HSC-59","Pazopanib","NCF1_313_325","NR",-0.164520502
"SNU-16","Pazopanib","B3AT_39_51","R",-0.531898558
"JR-st","Pazopanib","CDK7_157_169","NR",-0.111155391
"MKN1","Pazopanib","CTNB1_79_91","NR",-0.278446287
"NCI-N87","Pazopanib","LAT_194_206","NR",-0.224189207
"NUGC-4","Pazopanib","EFS_246_258","NR",-0.604039431
"HSC-60","Pazopanib","FAK1_569_581","NR",-0.267220497
"MKN74","Pazopanib","EPHB4_583_595","NR",-0.048831284
"NCI-N87","Pazopanib","K2C8_425_437","NR",-0.109231032
"JR-st","Pazopanib","FGFR1_761_773","NR",-0.379638672
"HSC-59","Pazopanib","CD3Z_116_128","NR",-0.118752897
"MKN1","Pazopanib","DYR1A_312_324","NR",0.186217189
"MKN45","Pazopanib","RASA1_453_465","NR",0.025360266
"IM95","Pazopanib","PP2AB_297_309","NR",-0.212844491
"OCUM-1","Pazopanib","PGFRB_709_721","NR",-0.121584773
"MKN74","Pazopanib","TYRO3_679_691","NR",-0.216944814
"NCI-N87","Pazopanib","EPHB4_583_595","NR",-0.080234013
"44As3","Pazopanib","B3AT_39_51","NR",-0.164948404
"MKN28","Pazopanib","FAK2_572_584","NR",-0.138518646
"MKN1","Pazopanib","EGFR_1190_1202","NR",-0.214455888
"HSC-60","Pazopanib","FER_707_719","NR",-0.586497068
"MKN7","Pazopanib","VGFR2_1046_1058","NR",-0.326757193
"NUGC-4","Pazopanib","PGFRB_1002_1014","NR",-0.520104289
"HSC-40A","Pazopanib","CD3Z_116_128","R",-0.277182519
"OCUM-1","Pazopanib","PAXI_111_123","NR",-0.510232568
"HSC-40A","Pazopanib","RB_804_816","R",-1.101944923
"OKAJIMA","Pazopanib","ERBB2_1241_1253","NR",-0.034758966
"OCUM-1","Pazopanib","PGFRB_771_783","NR",-0.110485315
"NUGC-4","Pazopanib","MK07_211_223","NR",-0.34604466
"SNU-16","Pazopanib","FES_706_718","R",-0.564697027
"MKN7","Pazopanib","VGFR1_1040_1052","NR",-0.411785901
"44As3","Pazopanib","VGFR2_1046_1058","NR",-0.497411132
"MKN74","Pazopanib","NTRK2_696_708","NR",-0.244517565
"IM95","Pazopanib","PLCG1_764_776","NR",-0.60650301
"OKAJIMA","Pazopanib","ZAP70_485_497","NR",-0.056810379
"58As1","Pazopanib","KSYK_518_530","NR",-0.286117315
"IM95","Pazopanib","VGFR2_1052_1064","NR",-0.072648406
"HSC-59","Pazopanib","VGFR2_1168_1180","NR",-0.133417726
"NUGC-4","Pazopanib","ERBB4_1277_1289","NR",-0.096340537
"HSC-44PE","Pazopanib","PLCG1_764_776","NR",-0.691578627
"HSC-59","Pazopanib","VINC_815_827","NR",0.001524031
"OCUM-1","Pazopanib","MK14_173_185","NR",-0.075010777
"IM95","Pazopanib","VGFR1_1206_1218","NR",-0.190818965
"NCI-N87","Pazopanib","PTN11_539_551","NR",-0.087513126
"44As3","Pazopanib","VGFR1_1206_1218","NR",0.007339299
"MKN74","Pazopanib","RON_1346_1358","NR",-0.537819266
"MKN28","Pazopanib","PDPK1_2_14","NR",-0.267910957
"HSC-59","Pazopanib","VGFR2_1052_1064","NR",-0.278678656
"HSC-59","Pazopanib","C1R_199_211","NR",0.107052207
"HSC-45","Pazopanib","C1R_199_211","NR",-0.01967001
"MKN7","Pazopanib","ODBA_340_352","NR",-0.281899333
"SNU-16","Pazopanib","EPHB4_583_595","R",0.218533635
"HSC-45","Pazopanib","PGFRB_1002_1014","NR",-0.398445845
"SNU-16","Pazopanib","PGFRB_771_783","R",-0.248331368
"MKN28","Pazopanib","ZBT16_621_633","NR",0.256988913
"HSC-58","Pazopanib","B3AT_39_51","NR",-0.250578642
"NCI-N87","Pazopanib","ART_004_EAIYAAPFAKKKXC","NR",-0.289802223
"HSC-60","Pazopanib","VGFR2_1046_1058","NR",-0.182192445
"HSC-40A","Pazopanib","PGFRB_572_584","R",-0.560006261
"MKN28","Pazopanib","K2C6B_53_65","NR",-0.021772226
"SNU-16","Pazopanib","PGFRB_768_780","R",-0.381404519
"JR-st","Pazopanib","DYR1A_212_224","NR",-0.075639486
"OCUM-1","Pazopanib","CALM_95_107","NR",-0.375833809
"MKN7","Pazopanib","SRC8_CHICK_476_488","NR",-0.776521921
"NUGC-3","Pazopanib","EPOR_419_431","NR",-0.53105557
"MKN1","Pazopanib","MBP_198_210","NR",0.272971004
"NUGC-4","Pazopanib","VGFR2_989_1001","NR",-0.421610236
"NUGC-3","Pazopanib","ACHD_383_395","NR",0.050512552
"OKAJIMA","Pazopanib","PP2AB_297_309","NR",-0.018210649
"MKN28","Pazopanib","ANXA1_14_26","NR",-0.15123336
"HSC-43","Pazopanib","ANXA2_17_29","R",-0.100788832
"HSC-58","Pazopanib","VGFR2_989_1001","NR",-0.343751431
"MKN74","Pazopanib","LAT_194_206","NR",-0.319846153
"HSC-43","Pazopanib","41_654_666","R",-0.449664235
"HSC-58","Pazopanib","ERBB4_1277_1289","NR",-0.294759035
"HSC-39","Pazopanib","CD3Z_116_128","R",-0.02527523
"MKN45","Pazopanib","RET_1022_1034","NR",-0.239595577
"MKN28","Pazopanib","SRC8_CHICK_476_488","NR",-0.343064457
"MKN1","Pazopanib","DCX_109_121","NR",0.173043415
"SNU-16","Pazopanib","41_654_666","R",-0.418319106
"58As1","Pazopanib","C1R_199_211","NR",-0.040137291
"MKN74","Pazopanib","PECA1_706_718","NR",-0.614153743
"HSC-45","Pazopanib","NPT2A_501_513","NR",-0.048680782
"OCUM-1","Pazopanib","NTRK2_696_708","NR",-0.134502649
"HSC-58","Pazopanib","VGFR2_944_956","NR",-0.041936874
"HSC-44PE","Pazopanib","LCK_387_399","NR",-0.346611857
"KATO III","Pazopanib","EGFR_1165_1177","R",-0.866163611
"IM95","Pazopanib","RB_804_816","NR",-0.16469717
"44As3","Pazopanib","VGFR1_1049_1061","NR",0.326125026
"NCI-N87","Pazopanib","KSYK_518_530","NR",-0.188992977
"HSC-43","Pazopanib","PRRX2_202_214","R",-0.598122478
"44As3","Pazopanib","DDR1_506_518","NR",-0.113731742
"HSC-59","Pazopanib","SRC8_CHICK_470_482","NR",-0.240305781
"JR-st","Pazopanib","EPHA7_607_619","NR",-0.56937623
"HSC-44PE","Pazopanib","MK07_211_223","NR",-0.145742178
"NCI-N87","Pazopanib","PAXI_111_123","NR",-0.483767182
"NCI-N87","Pazopanib","FES_706_718","NR",-0.4876903
"OKAJIMA","Pazopanib","VGFR2_1168_1180","NR",-0.158408478
"SNU-16","Pazopanib","PECA1_706_718","R",-0.499248266
"JR-st","Pazopanib","FAK2_572_584","NR",-0.362100482
"MKN7","Pazopanib","RAF1_332_344","NR",-0.336351871
"HSC-45","Pazopanib","SRC8_CHICK_476_488","NR",-0.791305542
"MKN28","Pazopanib","CDK2_8_20","NR",-0.233445004
"58As1","Pazopanib","NTRK2_696_708","NR",-0.069887877
"OCUM-1","Pazopanib","EGFR_1190_1202","NR",-0.377113879
"HSC-60","Pazopanib","LAT_249_261","NR",-0.598124981
"MKN28","Pazopanib","MBP_263_275","NR",0.397251636
"NUGC-3","Pazopanib","PGFRB_1002_1014","NR",-0.359619975
"NUGC-3","Pazopanib","PRRX2_202_214","NR",-0.402916431
"MKN28","Pazopanib","K2C8_425_437","NR",-0.150864601
"SNU-16","Pazopanib","PRRX2_202_214","R",-0.465527892
"JR-st","Pazopanib","CD79A_181_193","NR",-0.583062887
"KATO III","Pazopanib","NPT2A_501_513","R",-0.346101522
"JR-st","Pazopanib","SRC8_CHICK_492_504","NR",-0.403956175
"IM95","Pazopanib","RAF1_332_344","NR",-0.512958765
"MKN74","Pazopanib","CD3Z_146_158","NR",-0.266698599
"MKN45","Pazopanib","PP2AB_297_309","NR",-0.085925341
"OKAJIMA","Pazopanib","SRC8_CHICK_492_504","NR",0.014396985
"HSC-39","Pazopanib","ERBB4_1181_1193","R",-0.205939651
"SNU-16","Pazopanib","EPHA2_765_777","R",-0.325708628
"OCUM-1","Pazopanib","NCF1_313_325","NR",-0.268102288
"MKN45","Pazopanib","FES_706_718","NR",-0.267937511
"HSC-60","Pazopanib","P85A_600_612","NR",-0.628172636
"MKN7","Pazopanib","B3AT_39_51","NR",0.084453821
"HSC-43","Pazopanib","PTN11_539_551","R",-0.458665848
"HSC-58","Pazopanib","EPOR_361_373","NR",-0.312372446
"NUGC-4","Pazopanib","TNNT1_2_14","NR",-0.317970753
"HSC-45","Pazopanib","INSR_992_1004","NR",-0.450977325
"HSC-43","Pazopanib","CBL_693_705","R",-0.346529484
"MKN74","Pazopanib","P85A_600_612","NR",-0.653386593
"58As1","Pazopanib","EGFR_1190_1202","NR",-0.304849386
"MKN45","Pazopanib","PDPK1_369_381","NR",-0.364996284
"HSC-43","Pazopanib","RASA1_453_465","R",-0.471828938
"HSC-60","Pazopanib","PECA1_706_718","NR",-0.768573284
"SNU-16","Pazopanib","CD79A_181_193","R",-0.565243959
"58As1","Pazopanib","AMPE_5_17","NR",-0.005252838
"HSC-58","Pazopanib","VGFR2_1168_1180","NR",-0.266605854
"MKN74","Pazopanib","VGFR1_1326_1338","NR",-0.336466312
"HSC-45","Pazopanib","PLCG1_764_776","NR",-0.781804562
"HSC-39","Pazopanib","PECA1_706_718","R",-0.566978812
"HSC-59","Pazopanib","CALM_95_107","NR",-0.148282588
"HSC-45","Pazopanib","MK07_211_223","NR",-0.370305061
"MKN45","Pazopanib","EPHB1_771_783","NR",-0.263231426
"44As3","Pazopanib","FRK_380_392","NR",-0.745967627
"MKN1","Pazopanib","MK14_173_185","NR",-0.239105627
"HSC-58","Pazopanib","RAF1_332_344","NR",-0.173186302
"44As3","Pazopanib","ANXA2_17_29","NR",-0.421841145
"HSC-44PE","Pazopanib","VGFR2_989_1001","NR",-0.404824018
"MKN45","Pazopanib","EPHA7_607_619","NR",-0.265334129
"SNU-16","Pazopanib","MK10_216_228","R",-0.123898506
"58As1","Pazopanib","SRC8_CHICK_470_482","NR",0.019335866
"MKN45","Pazopanib","FGFR2_762_774","NR",-0.130767658
"HSC-43","Pazopanib","RET_1022_1034","R",-0.275735855
"HSC-40A","Pazopanib","CALM_95_107","R",-0.423014045
"HSC-44PE","Pazopanib","SRC8_CHICK_476_488","NR",-0.639735937
"44As3","Pazopanib","ERBB4_1181_1193","NR",-0.142380476
"OCUM-1","Pazopanib","SRC8_CHICK_470_482","NR",0.163353145
"OKAJIMA","Pazopanib","FRK_380_392","NR",-0.141968012
"OCUM-1","Pazopanib","EPHA7_607_619","NR",-0.243153572
"HSC-43","Pazopanib","FRK_380_392","R",-0.612188816
"MKN7","Pazopanib","EPHA4_589_601","NR",-0.101071835
"JR-st","Pazopanib","VGFR1_1206_1218","NR",0.074339926
"HSC-59","Pazopanib","PDPK1_369_381","NR",-0.274159789
"SNU-16","Pazopanib","TEC_512_524","R",-0.23935771
"HSC-40A","Pazopanib","VGFR1_1326_1338","R",-0.542366266
"NUGC-4","Pazopanib","SRC8_CHICK_470_482","NR",-0.13418442
"IM95","Pazopanib","ACHD_383_395","NR",-0.24550736
"44As3","Pazopanib","SRC8_CHICK_492_504","NR",-0.805917978
"58As1","Pazopanib","PGFRB_709_721","NR",-0.126821041
"HSC-43","Pazopanib","DYR1A_212_224","R",-0.454942584
"HSC-44PE","Pazopanib","MK14_173_185","NR",0.123698473
"SNU-16","Pazopanib","VGFR3_1061_1073","R",-0.391709924
"HSC-40A","Pazopanib","RON_1346_1358","R",-0.496719599
"HSC-44PE","Pazopanib","CRK_214_226","NR",-0.188219786
"MKN74","Pazopanib","FRK_380_392","NR",-0.420422077
"58As1","Pazopanib","JAK1_1015_1027","NR",-0.097939253
"HSC-43","Pazopanib","VGFR1_1049_1061","R",0.118928671
"44As3","Pazopanib","PRRX2_202_214","NR",-0.394417882
"HSC-39","Pazopanib","RET_1022_1034","R",-0.373666763
"HSC-40A","Pazopanib","K2C6B_53_65","R",-0.5060606
"OCUM-1","Pazopanib","CDK2_8_20","NR",-0.395793557
"MKN7","Pazopanib","FES_706_718","NR",-0.764966011
"IM95","Pazopanib","MK14_173_185","NR",-0.065639973
"HSC-44PE","Pazopanib","ERBB4_1181_1193","NR",-0.153833926
"KATO III","Pazopanib","EGFR_1190_1202","R",-0.692545533
"NCI-N87","Pazopanib","ACHD_383_395","NR",-0.165057257
"HSC-43","Pazopanib","PAXI_24_36","R",-0.557784081
"OKAJIMA","Pazopanib","CBL_693_705","NR",-0.070310436
"MKN74","Pazopanib","LAT_249_261","NR",-0.480391502
"HSC-44PE","Pazopanib","PGFRB_1002_1014","NR",-0.61812675
"JR-st","Pazopanib","RB_804_816","NR",-0.150677443
"NUGC-3","Pazopanib","PLCG1_764_776","NR",-0.650859356
"HSC-43","Pazopanib","PP2AB_297_309","R",-0.284161091
"MKN45","Pazopanib","PGFRB_768_780","NR",-0.536714017
"HSC-58","Pazopanib","ZBT16_621_633","NR",-0.286421776
"HSC-40A","Pazopanib","PGFRB_709_721","R",-0.585270405
"MKN1","Pazopanib","DYR1A_212_224","NR",0.069802999
"MKN28","Pazopanib","DYR1A_312_324","NR",-0.058001678
"HSC-40A","Pazopanib","PGFRB_768_780","R",-0.34788096
"HSC-45","Pazopanib","EFS_246_258","NR",-0.935912609
"NCI-N87","Pazopanib","ANXA2_17_29","NR",-0.198690772
"NCI-N87","Pazopanib","NTRK2_696_708","NR",-0.386081308
"58As1","Pazopanib","CALM_95_107","NR",-0.176326275
"MKN28","Pazopanib","ERBB2_1241_1253","NR",-0.040279627
"OCUM-1","Pazopanib","AMPE_5_17","NR",0.021956742
"HSC-45","Pazopanib","VGFR2_1046_1058","NR",-0.136585832
"KATO III","Pazopanib","CRK_214_226","R",-0.268778145
"NUGC-3","Pazopanib","CALM_95_107","NR",-0.164419115
"JR-st","Pazopanib","INSR_992_1004","NR",-0.311781764
"SNU-16","Pazopanib","CBL_693_705","R",-0.403963208
"MKN7","Pazopanib","INSR_992_1004","NR",-0.08787632
"OKAJIMA","Pazopanib","MK12_178_190","NR",0.06508255
"HSC-39","Pazopanib","ERBB2_870_882","R",-0.29731369
"MKN1","Pazopanib","PGFRB_1014_1028","NR",-0.074639797
"HSC-58","Pazopanib","PLCG1_764_776","NR",-0.411379337
"HSC-39","Pazopanib","EPHA4_589_601","R",-0.143851638
"SNU-16","Pazopanib","NTRK1_489_501","R",-0.128137231
"HSC-43","Pazopanib","RON_1346_1358","R",-0.589127421
"MKN45","Pazopanib","EPHA4_589_601","NR",-0.020451626
"HSC-60","Pazopanib","VGFR2_1052_1064","NR",-0.177439809
"NUGC-3","Pazopanib","MBP_198_210","NR",-0.070707798
"JR-st","Pazopanib","NCF1_313_325","NR",-0.182248116
"44As3","Pazopanib","EPOR_361_373","NR",-0.54589355
"OCUM-1","Pazopanib","ERBB2_870_882","NR",-0.305984676
"44As3","Pazopanib","LCK_387_399","NR",-0.463528752
"MKN74","Pazopanib","RAF1_332_344","NR",-0.310197353
"IM95","Pazopanib","FRK_380_392","NR",-0.80870986
"NCI-N87","Pazopanib","PLCG1_764_776","NR",-0.435842514
"44As3","Pazopanib","FAK2_572_584","NR",-0.324536324
"MKN7","Pazopanib","VGFR2_944_956","NR",-0.17203629
"NCI-N87","Pazopanib","TEC_512_524","NR",-0.299448967
"HSC-40A","Pazopanib","MK10_216_228","R",-0.36483252
"HSC-59","Pazopanib","MBP_259_271","NR",-0.158552051
"OKAJIMA","Pazopanib","VGFR1_1206_1218","NR",-0.001295805
"SNU-16","Pazopanib","PGFRB_1002_1014","R",-0.389374375
"NUGC-4","Pazopanib","VGFR2_1052_1064","NR",-0.5005005
"OCUM-1","Pazopanib","EPHB4_583_595","NR",-0.049216628
"IM95","Pazopanib","CD3Z_116_128","NR",-0.590804458
"SNU-16","Pazopanib","K2C6B_53_65","R",-0.250493288
"HSC-40A","Pazopanib","ACHD_383_395","R",-0.233103395
"HSC-44PE","Pazopanib","PDPK1_2_14","NR",-0.111383557
"KATO III","Pazopanib","K2C6B_53_65","R",-0.219209909
"KATO III","Pazopanib","CDK7_157_169","R",-0.230805516
"OCUM-1","Pazopanib","B3AT_39_51","NR",0.038690567
"44As3","Pazopanib","INSR_992_1004","NR",-0.183026433
"NCI-N87","Pazopanib","EPHA2_765_777","NR",-0.353920609
"HSC-44PE","Pazopanib","B3AT_39_51","NR",0.213008285
"MKN74","Pazopanib","PTN11_539_551","NR",-0.134601355
"NCI-N87","Pazopanib","MK10_216_228","NR",-0.017195782
"JR-st","Pazopanib","JAK2_563_577","NR",-0.203214169
"MKN1","Pazopanib","EPHB1_921_933","NR",0.274291903
"58As1","Pazopanib","VGFR2_944_956","NR",-0.150612593
"JR-st","Pazopanib","EGFR_1190_1202","NR",-0.407310784
"NUGC-4","Pazopanib","PTN11_539_551","NR",-0.020232916
"NUGC-3","Pazopanib","TNNT1_2_14","NR",-0.0410254
"HSC-60","Pazopanib","MBP_198_210","NR",-0.17434001
"KATO III","Pazopanib","P85A_600_612","R",-0.796973109
"MKN45","Pazopanib","CTNB1_79_91","NR",0.077614702
"HSC-60","Pazopanib","ERBB2_870_882","NR",-0.3800776
"MKN1","Pazopanib","MET_1227_1239","NR",-0.354381889
"MKN45","Pazopanib","ERBB2_870_882","NR",0.248714924
"NUGC-4","Pazopanib","DYR1A_212_224","NR",-0.200345457
"HSC-40A","Pazopanib","CBL_693_705","R",-0.319254518
"KATO III","Pazopanib","41_654_666","R",-0.396079063
"HSC-39","Pazopanib","VGFR2_989_1001","R",-0.562644482
"IM95","Pazopanib","FER_707_719","NR",-0.52020359
"OCUM-1","Pazopanib","ERBB2_1241_1253","NR",-0.350882411
"HSC-40A","Pazopanib","PRGR_786_798","R",0.051815033
"44As3","Pazopanib","EPHA2_765_777","NR",-0.715345144
"HSC-59","Pazopanib","CTNB1_79_91","NR",-0.222639322
"HSC-60","Pazopanib","PDPK1_369_381","NR",-0.538936257
"HSC-60","Pazopanib","K2C6B_53_65","NR",-0.418871045
"SNU-16","Pazopanib","VINC_815_827","R",-0.339231372
"HSC-59","Pazopanib","MBP_263_275","NR",0.018588424
"MKN45","Pazopanib","VGFR2_1046_1058","NR",-0.086802162
"OKAJIMA","Pazopanib","C1R_199_211","NR",0.043569326
"MKN28","Pazopanib","VGFR1_1206_1218","NR",0.24548848
"MKN7","Pazopanib","LCK_387_399","NR",-0.526535034
"KATO III","Pazopanib","VGFR2_1168_1180","R",-1.327054143
"NCI-N87","Pazopanib","CRK_214_226","NR",-0.302224845
"NCI-N87","Pazopanib","DYR1A_212_224","NR",0.161196306
"MKN74","Pazopanib","DYR1A_312_324","NR",-0.281127214
"NUGC-4","Pazopanib","ERBB4_1181_1193","NR",0.094197392
"HSC-44PE","Pazopanib","KSYK_518_530","NR",0.03617084
"IM95","Pazopanib","VGFR2_989_1001","NR",-0.566671133
"OKAJIMA","Pazopanib","FAK1_569_581","NR",-0.07433939
"58As1","Pazopanib","ART_004_EAIYAAPFAKKKXC","NR",-0.368965864
"HSC-39","Pazopanib","EGFR_1165_1177","R",-0.205406189
"NUGC-4","Pazopanib","PDPK1_369_381","NR",-0.258971095
"MKN74","Pazopanib","JAK1_1015_1027","NR",-0.275116801
"OKAJIMA","Pazopanib","MK07_211_223","NR",-0.026070595
"HSC-58","Pazopanib","EPHB4_583_595","NR",-0.0627563
"MKN28","Pazopanib","PTN11_539_551","NR",0.227384567
"SNU-16","Pazopanib","SRC8_CHICK_476_488","R",-0.491841793
"JR-st","Pazopanib","PRRX2_202_214","NR",-0.064714074
"HSC-44PE","Pazopanib","VINC_815_827","NR",0.239993453
"HSC-59","Pazopanib","VGFR1_1162_1174","NR",0.026248932
"HSC-59","Pazopanib","PGFRB_572_584","NR",-0.341209888
"HSC-43","Pazopanib","PECA1_706_718","R",-0.64222765
"HSC-43","Pazopanib","ENOG_37_49","R",-0.717918396
"HSC-43","Pazopanib","EPOR_419_431","R",-0.567547917
"HSC-39","Pazopanib","ACHD_383_395","R",-0.398862004
"HSC-43","Pazopanib","EGFR_1103_1115","R",-0.229143262
"NCI-N87","Pazopanib","K2C6B_53_65","NR",-0.160499096
"HSC-40A","Pazopanib","NCF1_313_325","R",-0.387166977
"IM95","Pazopanib","MBP_198_210","NR",-0.345534503
"HSC-60","Pazopanib","ERBB2_1241_1253","NR",-0.431396961
"58As1","Pazopanib","CD3Z_146_158","NR",-0.348957896
"NUGC-4","Pazopanib","FRK_380_392","NR",-0.468905449
"HSC-59","Pazopanib","FAK1_569_581","NR",-0.156432271
"HSC-58","Pazopanib","EPHA1_774_786","NR",-0.370260239
"44As3","Pazopanib","MET_1227_1239","NR",-0.283499241
"44As3","Pazopanib","VGFR2_989_1001","NR",-0.624820471
"MKN1","Pazopanib","FRK_380_392","NR",0.050694227
"SNU-16","Pazopanib","ENOG_37_49","R",-0.62166214
"NUGC-4","Pazopanib","MK10_216_228","NR",-0.343678296
"MKN74","Pazopanib","EPOR_419_431","NR",-0.479530692
"HSC-39","Pazopanib","TNNT1_2_14","R",-0.319103122
"MKN74","Pazopanib","CBL_693_705","NR",-0.131130099
"HSC-44PE","Pazopanib","JAK1_1015_1027","NR",-0.222672939
"HSC-45","Pazopanib","CDK2_8_20","NR",-0.769440174
"HSC-45","Pazopanib","PGFRB_771_783","NR",-0.206920385
"HSC-44PE","Pazopanib","VGFR2_1046_1058","NR",-0.161348045
"KATO III","Pazopanib","EGFR_1103_1115","R",-0.141558349
"SNU-16","Pazopanib","MBP_263_275","R",-0.125029087
"HSC-58","Pazopanib","PP2AB_297_309","NR",-0.184921503
"HSC-43","Pazopanib","LCK_387_399","R",-0.470058441
"MKN45","Pazopanib","K2C8_425_437","NR",-0.061698038
"HSC-40A","Pazopanib","FER_707_719","R",-0.581585169
"SNU-16","Pazopanib","RET_1022_1034","R",-0.212061882
"MKN45","Pazopanib","INSR_992_1004","NR",-0.416845798
"JR-st","Pazopanib","EGFR_1103_1115","NR",-0.257324278
"MKN7","Pazopanib","RB_804_816","NR",-0.367263675
"JR-st","Pazopanib","ANXA2_17_29","NR",-0.057252407
"MKN45","Pazopanib","EGFR_1165_1177","NR",-0.056415558
"HSC-39","Pazopanib","EGFR_1103_1115","R",-0.175694823
"MKN1","Pazopanib","41_654_666","NR",-0.066191353
"SNU-16","Pazopanib","CD3Z_116_128","R",-0.35075587
"44As3","Pazopanib","JAK1_1015_1027","NR",-0.467774391
"58As1","Pazopanib","TYRO3_679_691","NR",-0.123986244
"HSC-44PE","Pazopanib","LAT_194_206","NR",-0.18049705
"HSC-45","Pazopanib","DCX_109_121","NR",-0.278105259
"HSC-43","Pazopanib","EPHB1_921_933","R",-0.190605283
"MKN7","Pazopanib","FRK_380_392","NR",-0.649556637
"HSC-58","Pazopanib","ENOG_37_49","NR",-0.412116528
"MKN1","Pazopanib","JAK2_563_577","NR",-0.097698845
"KATO III","Pazopanib","TNNT1_2_14","R",-0.605687261
"MKN1","Pazopanib","MK10_216_228","NR",0.274587542
"MKN1","Pazopanib","K2C8_425_437","NR",-0.389999121
"MKN74","Pazopanib","MK14_173_185","NR",-0.078352392
"HSC-59","Pazopanib","PP2AB_297_309","NR",-0.056010723
"HSC-44PE","Pazopanib","RON_1353_1365","NR",0.0504511
"HSC-59","Pazopanib","FGFR1_761_773","NR",0.08277607
"HSC-60","Pazopanib","PGFRB_572_584","NR",-0.691577077
"HSC-43","Pazopanib","ZAP70_485_497","R",-0.604889631
"58As1","Pazopanib","PDPK1_369_381","NR",-0.165732622
"SNU-16","Pazopanib","TYRO3_679_691","R",-0.118122697
"OCUM-1","Pazopanib","NTRK1_489_501","NR",-0.116192341
"HSC-43","Pazopanib","P85A_600_612","R",-0.454871058
"HSC-59","Pazopanib","PGFRB_709_721","NR",-0.320823193
"IM95","Pazopanib","CDK2_8_20","NR",-0.716180563
"KATO III","Pazopanib","PAXI_111_123","R",-0.61263442
"58As1","Pazopanib","PP2AB_297_309","NR",-0.209425688
"HSC-58","Pazopanib","INSR_992_1004","NR",-0.091944933
"IM95","Pazopanib","EGFR_1165_1177","NR",-0.317846298
"HSC-40A","Pazopanib","SRC8_CHICK_476_488","R",-0.616608381
"HSC-60","Pazopanib","PGFRB_1002_1014","NR",-0.511214137
"IM95","Pazopanib","PGFRB_1002_1014","NR",-0.544321299
"OKAJIMA","Pazopanib","PECA1_706_718","NR",0.008196354
"HSC-59","Pazopanib","ART_004_EAIYAAPFAKKKXC","NR",-0.415792465
"HSC-40A","Pazopanib","ERBB4_1277_1289","R",-0.363523841
"58As1","Pazopanib","VGFR2_1168_1180","NR",-0.084994078
"MKN74","Pazopanib","K2C8_425_437","NR",-0.176260412
"HSC-45","Pazopanib","RON_1346_1358","NR",-0.445010185
"HSC-40A","Pazopanib","TNNT1_2_14","R",-0.421784401
"NCI-N87","Pazopanib","VGFR1_1040_1052","NR",-0.326383233
"HSC-39","Pazopanib","VGFR1_1206_1218","R",-0.14964658
"IM95","Pazopanib","FES_706_718","NR",-0.593765259
"HSC-44PE","Pazopanib","MK12_178_190","NR",-0.138624907
"HSC-59","Pazopanib","PGFRB_1002_1014","NR",-0.399017572
"HSC-58","Pazopanib","VGFR1_1049_1061","NR",0.10230732
"44As3","Pazopanib","VGFR1_1040_1052","NR",-0.52040267
"MKN28","Pazopanib","NTRK1_489_501","NR",-0.110497557
"HSC-39","Pazopanib","TEC_512_524","R",-0.396224856
"NUGC-3","Pazopanib","PGFRB_768_780","NR",-0.396789432
"HSC-39","Pazopanib","SRC8_CHICK_476_488","R",-0.562908888
"MKN7","Pazopanib","RON_1353_1365","NR",-0.391986847
"HSC-60","Pazopanib","MBP_263_275","NR",-0.247275174
"HSC-45","Pazopanib","K2C6B_53_65","NR",-0.360486507
"JR-st","Pazopanib","EPOR_361_373","NR",-0.495338321
"HSC-39","Pazopanib","VGFR2_1168_1180","R",-0.212417841
"HSC-39","Pazopanib","PRGR_786_798","R",-0.210584402
"MKN1","Pazopanib","CDK2_8_20","NR",-0.629595101
"NUGC-4","Pazopanib","PGFRB_771_783","NR",-0.263081074
"HSC-60","Pazopanib","ART_004_EAIYAAPFAKKKXC","NR",-0.622202635
"JR-st","Pazopanib","CALM_95_107","NR",-0.510961294
"OKAJIMA","Pazopanib","VGFR1_1049_1061","NR",0.111488022
"OCUM-1","Pazopanib","VGFR1_1040_1052","NR",-0.156274796
"NUGC-4","Pazopanib","EPHB4_583_595","NR",-0.014865816
"JR-st","Pazopanib","PAXI_24_36","NR",-0.58227694
"HSC-59","Pazopanib","TYRO3_679_691","NR",0.087821722
"NUGC-4","Pazopanib","41_654_666","NR",-0.328626394
"NUGC-3","Pazopanib","DYR1A_312_324","NR",-0.163980722
"HSC-44PE","Pazopanib","CDK7_157_169","NR",0.218557358
"HSC-58","Pazopanib","ZAP70_485_497","NR",-0.427424431
"MKN74","Pazopanib","DCX_109_121","NR",-0.105687499
"OKAJIMA","Pazopanib","FGFR1_761_773","NR",0.170816496
"HSC-60","Pazopanib","EGFR_1165_1177","NR",-0.318517208
"MKN74","Pazopanib","VGFR2_1052_1064","NR",-0.11286366
"MKN1","Pazopanib","PLCG1_764_776","NR",0.162126228
"44As3","Pazopanib","PDPK1_2_14","NR",-0.549435258
"KATO III","Pazopanib","PTN11_539_551","R",-0.70986402
"MKN45","Pazopanib","DYR1A_212_224","NR",0.157368258
"MKN7","Pazopanib","DYR1A_212_224","NR",-0.301255822
"NCI-N87","Pazopanib","CALM_95_107","NR",-0.68930006
"58As1","Pazopanib","FRK_380_392","NR",-0.350175619
"NCI-N87","Pazopanib","FGFR2_762_774","NR",-0.244561836
"HSC-39","Pazopanib","RON_1346_1358","R",-0.176491022
"HSC-45","Pazopanib","EPHA1_774_786","NR",-0.565206766
"OCUM-1","Pazopanib","ENOG_37_49","NR",-0.779452562
"OKAJIMA","Pazopanib","EPHA2_765_777","NR",0.029554525
"HSC-40A","Pazopanib","TYRO3_679_691","R",-0.371429086
"58As1","Pazopanib","LAT_249_261","NR",-0.155828953
"OKAJIMA","Pazopanib","DYR1A_312_324","NR",0.063346706
"HSC-40A","Pazopanib","MK07_211_223","R",-0.41567266
"HSC-58","Pazopanib","MBP_259_271","NR",-0.092336178
"HSC-58","Pazopanib","CTNB1_79_91","NR",-0.071582317
"HSC-59","Pazopanib","NTRK2_696_708","NR",-0.191460252
"NUGC-3","Pazopanib","ERBB2_870_882","NR",-0.241122007
"58As1","Pazopanib","PAXI_111_123","NR",-0.456330299
"OCUM-1","Pazopanib","RET_1022_1034","NR",-0.233760715
"MKN7","Pazopanib","ERBB4_1181_1193","NR",-0.184813142
"KATO III","Pazopanib","VINC_815_827","R",-0.384148598
"JR-st","Pazopanib","ERBB2_1241_1253","NR",-0.499380469
"IM95","Pazopanib","TNNT1_2_14","NR",0.022148967
"HSC-58","Pazopanib","MK10_216_228","NR",-0.070037842
"HSC-39","Pazopanib","PGFRB_572_584","R",-0.477182627
"HSC-40A","Pazopanib","EPHB1_921_933","R",-0.187355697
"HSC-45","Pazopanib","P85A_600_612","NR",-0.563974142
"SNU-16","Pazopanib","SRC8_CHICK_492_504","R",-0.353775978
"HSC-40A","Pazopanib","FES_706_718","R",-0.622918248
"OCUM-1","Pazopanib","VINC_815_827","NR",-0.403239667
"SNU-16","Pazopanib","C1R_199_211","R",-0.410302877
"KATO III","Pazopanib","VGFR2_1046_1058","R",-0.274863541
"NUGC-4","Pazopanib","ERBB2_1241_1253","NR",-0.248124838
"HSC-39","Pazopanib","MBP_263_275","R",-0.230570555
"SNU-16","Pazopanib","PLCG1_764_776","R",-0.413357735
"OKAJIMA","Pazopanib","CTNB1_79_91","NR",-0.08498279
"HSC-45","Pazopanib","ERBB4_1277_1289","NR",-0.307469368
"MKN1","Pazopanib","RB_804_816","NR",0.041887283
"OKAJIMA","Pazopanib","SRC8_CHICK_470_482","NR",-0.089947022
"SNU-16","Pazopanib","JAK2_563_577","R",-0.479677081
"HSC-45","Pazopanib","EPHB1_921_933","NR",-0.015784502
"OCUM-1","Pazopanib","VGFR2_944_956","NR",-0.038152456
"HSC-39","Pazopanib","ZAP70_485_497","R",-0.416007876
"HSC-60","Pazopanib","FAK2_572_584","NR",-0.430173635
"NUGC-3","Pazopanib","PAXI_24_36","NR",-0.693009853
"58As1","Pazopanib","EGFR_1165_1177","NR",-0.384049177
"MKN74","Pazopanib","VGFR1_1162_1174","NR",-0.103660107
"HSC-45","Pazopanib","MK10_216_228","NR",-0.202572823
"HSC-40A","Pazopanib","INSR_992_1004","R",-0.382435441
"NCI-N87","Pazopanib","RON_1353_1365","NR",-0.056247115
"IM95","Pazopanib","ERBB4_1181_1193","NR",-0.187849283
"HSC-39","Pazopanib","VGFR3_1061_1073","R",-0.298258066
"58As1","Pazopanib","CDK2_8_20","NR",-0.383878946
"OCUM-1","Pazopanib","NPT2A_501_513","NR",-0.23718822
"IM95","Pazopanib","FAK2_572_584","NR",-0.331665874
"IM95","Pazopanib","EPOR_361_373","NR",-0.629890203
"OCUM-1","Pazopanib","EPHA1_774_786","NR",-0.363574505
"OKAJIMA","Pazopanib","EPHA7_607_619","NR",0.125884533
"MKN7","Pazopanib","EPOR_361_373","NR",-0.525730968
"HSC-60","Pazopanib","VGFR2_1168_1180","NR",-0.309756994
"44As3","Pazopanib","K2C8_425_437","NR",-0.47111392
"OKAJIMA","Pazopanib","JAK1_1015_1027","NR",0.05437215
"NUGC-4","Pazopanib","EPHB1_921_933","NR",0.025959432
"NCI-N87","Pazopanib","PGFRB_771_783","NR",0.013333957
"JR-st","Pazopanib","DDR1_506_518","NR",-0.058798432
"HSC-39","Pazopanib","RON_1353_1365","R",-0.186848044
"HSC-58","Pazopanib","ART_004_EAIYAAPFAKKKXC","NR",-0.246907234
"NUGC-4","Pazopanib","VGFR1_1049_1061","NR",-0.116926491
"HSC-58","Pazopanib","RON_1353_1365","NR",-0.444102526
"MKN74","Pazopanib","VINC_815_827","NR",0.025325298
"MKN74","Pazopanib","ODBA_340_352","NR",-0.51009655
"58As1","Pazopanib","PDPK1_2_14","NR",-0.347802162
"OCUM-1","Pazopanib","LAT_249_261","NR",-0.438255668
"HSC-60","Pazopanib","MET_1227_1239","NR",-0.521036744
"IM95","Pazopanib","CD79A_181_193","NR",-0.798639059
"HSC-60","Pazopanib","ZBT16_621_633","NR",-0.064653873
"JR-st","Pazopanib","MET_1227_1239","NR",-0.22854948
"NCI-N87","Pazopanib","FRK_380_392","NR",-0.345096588
"44As3","Pazopanib","CALM_95_107","NR",-0.556687176
"58As1","Pazopanib","ERBB2_1241_1253","NR",-0.070496798
"IM95","Pazopanib","EPHA1_774_786","NR",-0.663258076
"OCUM-1","Pazopanib","EPHB1_921_933","NR",-0.116867542
"HSC-39","Pazopanib","PLCG1_764_776","R",-0.503708839
"HSC-39","Pazopanib","K2C8_425_437","R",-0.212095857
"OKAJIMA","Pazopanib","MET_1227_1239","NR",-0.185641214
"NCI-N87","Pazopanib","JAK2_563_577","NR",-0.101455331
"NUGC-4","Pazopanib","CTNB1_79_91","NR",-0.146940947
"KATO III","Pazopanib","PRGR_786_798","R",-0.410335839
"58As1","Pazopanib","VGFR1_1040_1052","NR",-0.19242692
"NCI-N87","Pazopanib","PGFRB_572_584","NR",-0.388649553
"NUGC-4","Pazopanib","JAK2_563_577","NR",-0.034947395
"NUGC-4","Pazopanib","PAXI_24_36","NR",-0.481055498
"HSC-44PE","Pazopanib","ACHD_383_395","NR",-0.056741357
"MKN74","Pazopanib","CD79A_181_193","NR",-0.769701958
"IM95","Pazopanib","PAXI_111_123","NR",-0.845111132
"58As1","Pazopanib","MK12_178_190","NR",-0.393618345
"OKAJIMA","Pazopanib","PGFRB_1002_1014","NR",-0.094623007
"HSC-44PE","Pazopanib","CBL_693_705","NR",-0.433323622
"MKN7","Pazopanib","CTNB1_79_91","NR",-0.603432894
"HSC-58","Pazopanib","EPHB1_771_783","NR",-0.391653776
"HSC-44PE","Pazopanib","CD3Z_146_158","NR",-0.209612668
"IM95","Pazopanib","VINC_815_827","NR",-0.253666639
"HSC-39","Pazopanib","CD3Z_146_158","R",-0.227749228
"NUGC-3","Pazopanib","SRC8_CHICK_470_482","NR",0.003014326
"HSC-58","Pazopanib","EGFR_1103_1115","NR",-0.328594685
"HSC-59","Pazopanib","CD79A_181_193","NR",-0.518244267
"KATO III","Pazopanib","MK10_216_228","R",-0.421143293
"MKN28","Pazopanib","NPT2A_501_513","NR",0.277914524
"MKN7","Pazopanib","41_654_666","NR",-0.564015627
"MKN1","Pazopanib","EPHA4_589_601","NR",-0.523971021
"HSC-45","Pazopanib","VGFR2_1168_1180","NR",-0.188288689
"HSC-58","Pazopanib","DYR1A_312_324","NR",-0.077994585
"HSC-44PE","Pazopanib","FAK1_569_581","NR",-0.113238931
"HSC-59","Pazopanib","EPHB1_921_933","NR",0.093731284
"OKAJIMA","Pazopanib","TEC_512_524","NR",-0.031190872
"MKN28","Pazopanib","PDPK1_369_381","NR",-0.270810127
"SNU-16","Pazopanib","JAK1_1015_1027","R",-0.342557907
"58As1","Pazopanib","ERBB4_1277_1289","NR",-0.217086554
"MKN1","Pazopanib","PAXI_24_36","NR",-0.168660954
"HSC-59","Pazopanib","PECA1_706_718","NR",-0.436450124
"HSC-59","Pazopanib","EPOR_361_373","NR",-0.321944833
"IM95","Pazopanib","RASA1_453_465","NR",-0.608029008
"HSC-45","Pazopanib","PRRX2_202_214","NR",-0.383398771
"HSC-59","Pazopanib","FGFR2_762_774","NR",-0.236570239
"HSC-43","Pazopanib","MBP_198_210","R",-0.40549767
"JR-st","Pazopanib","RASA1_453_465","NR",-0.366140246
"IM95","Pazopanib","K2C6B_53_65","NR",-0.383438349
"MKN74","Pazopanib","VGFR1_1049_1061","NR",-0.021816611
"44As3","Pazopanib","ART_004_EAIYAAPFAKKKXC","NR",-0.588294268
"IM95","Pazopanib","CD3Z_146_158","NR",-0.278254211
"MKN7","Pazopanib","NTRK1_489_501","NR",-0.072054505
"MKN1","Pazopanib","EPOR_361_373","NR",-0.169296265
"44As3","Pazopanib","CDK2_8_20","NR",-0.714404345
"JR-st","Pazopanib","RON_1346_1358","NR",-0.021867037
"KATO III","Pazopanib","NTRK2_696_708","R",-0.549011707
"MKN28","Pazopanib","PECA1_706_718","NR",-0.328926086
"HSC-39","Pazopanib","FER_707_719","R",-0.367775202
"HSC-58","Pazopanib","MK14_173_185","NR",0.046175003
"NUGC-3","Pazopanib","FER_707_719","NR",-0.662130833
"IM95","Pazopanib","PRRX2_202_214","NR",-0.394210696
"SNU-16","Pazopanib","RON_1346_1358","R",-0.457314253
"OKAJIMA","Pazopanib","ZBT16_621_633","NR",-0.102325357
"HSC-44PE","Pazopanib","PP2AB_297_309","NR",-0.068594813
"HSC-59","Pazopanib","PTN11_539_551","NR",-0.139286935
"KATO III","Pazopanib","PP2AB_297_309","R",-0.505572796
"HSC-45","Pazopanib","FAK1_569_581","NR",-0.40581274
"44As3","Pazopanib","DYR1A_212_224","NR",0.316862166
"HSC-59","Pazopanib","EGFR_1190_1202","NR",-0.132953405
"KATO III","Pazopanib","FAK2_572_584","R",-0.963323712
"KATO III","Pazopanib","PGFRB_771_783","R",-0.142000198
"HSC-45","Pazopanib","FES_706_718","NR",-0.835557461
"HSC-60","Pazopanib","EPHA4_589_601","NR",-0.197328269
"HSC-59","Pazopanib","NTRK1_489_501","NR",-0.036254883
"MKN28","Pazopanib","AMPE_5_17","NR",0.075897299
"NUGC-3","Pazopanib","MK12_178_190","NR",0.095645905
"KATO III","Pazopanib","VGFR3_1061_1073","R",-0.240646243
"HSC-58","Pazopanib","VGFR3_1061_1073","NR",-0.252284765
"MKN45","Pazopanib","NPT2A_501_513","NR",0.110535145
"58As1","Pazopanib","FAK2_572_584","NR",-0.131797791
"MKN28","Pazopanib","ANXA2_17_29","NR",-0.077104174
"MKN28","Pazopanib","RON_1353_1365","NR",-0.225060105
"MKN1","Pazopanib","B3AT_39_51","NR",-0.28021279
"KATO III","Pazopanib","TYRO3_679_691","R",-0.369159579
"MKN28","Pazopanib","FES_706_718","NR",-0.35003075
"JR-st","Pazopanib","TNNT1_2_14","NR",-0.050399065
"HSC-44PE","Pazopanib","FER_707_719","NR",-0.481024623
"OKAJIMA","Pazopanib","NCF1_313_325","NR",0.106798567
"SNU-16","Pazopanib","DCX_109_121","R",-0.308100939
"IM95","Pazopanib","TEC_512_524","NR",-0.260731339
"SNU-16","Pazopanib","ERBB4_1277_1289","R",-0.420481682
"HSC-59","Pazopanib","FRK_380_392","NR",-0.423015356
"KATO III","Pazopanib","ANXA1_14_26","R",-1.052076697
"HSC-59","Pazopanib","SRC8_CHICK_492_504","NR",-0.433554649
"44As3","Pazopanib","ANXA1_14_26","NR",-0.545816779
"HSC-39","Pazopanib","MBP_259_271","R",0.072597623
"58As1","Pazopanib","ODBA_340_352","NR",-0.322905064
"NUGC-4","Pazopanib","SRC8_CHICK_476_488","NR",-0.617081404
"MKN1","Pazopanib","VGFR2_1052_1064","NR",0.15546982
"HSC-59","Pazopanib","ERBB4_1181_1193","NR",-0.143786669
"HSC-59","Pazopanib","JAK2_563_577","NR",-0.04965663
"NUGC-3","Pazopanib","CD3Z_146_158","NR",-0.389799237
"MKN1","Pazopanib","SRC8_CHICK_492_504","NR",-0.017461935
"HSC-45","Pazopanib","TYRO3_679_691","NR",-0.175026178
"HSC-39","Pazopanib","NCF1_313_325","R",-0.178759813
"OCUM-1","Pazopanib","DYR1A_212_224","NR",-0.079090834
"44As3","Pazopanib","AMPE_5_17","NR",-0.209287882
"HSC-60","Pazopanib","EPHA7_607_619","NR",-0.510855079
"HSC-45","Pazopanib","VGFR1_1049_1061","NR",-0.277053118
"KATO III","Pazopanib","LCK_387_399","R",-0.481228113
"MKN74","Pazopanib","EGFR_1103_1115","NR",-0.32011354
"58As1","Pazopanib","P85A_600_612","NR",-0.511058807
"MKN45","Pazopanib","TEC_512_524","NR",-0.060855549
"MKN45","Pazopanib","NCF1_313_325","NR",0.025190353
"KATO III","Pazopanib","FAK1_569_581","R",-0.614183784
"IM95","Pazopanib","PGFRB_771_783","NR",0.027505517
"SNU-16","Pazopanib","ERBB4_1181_1193","R",0.007341564
"HSC-58","Pazopanib","SRC8_CHICK_470_482","NR",-0.079316854
"58As1","Pazopanib","VGFR1_1049_1061","NR",-0.04804039
"MKN28","Pazopanib","MK07_211_223","NR",-0.25148955
"NUGC-3","Pazopanib","EPHA4_589_601","NR",0.129749537
"HSC-45","Pazopanib","EPOR_361_373","NR",-0.608872652
"58As1","Pazopanib","RON_1353_1365","NR",0.015272379
"HSC-60","Pazopanib","PTN11_539_551","NR",-0.245086312
"MKN7","Pazopanib","PLCG1_764_776","NR",-0.675437927
"HSC-40A","Pazopanib","PDPK1_369_381","R",-0.429689288
"MKN45","Pazopanib","DYR1A_312_324","NR",-0.0148681
"44As3","Pazopanib","SRC8_CHICK_476_488","NR",-0.792795897
"MKN7","Pazopanib","EGFR_1103_1115","NR",-0.452763677
"MKN45","Pazopanib","PGFRB_1002_1014","NR",-0.170213059
"HSC-59","Pazopanib","EPHA2_765_777","NR",-0.397568464
"IM95","Pazopanib","EPHA2_765_777","NR",-0.533753157
"HSC-44PE","Pazopanib","JAK2_563_577","NR",-0.226466179
"HSC-60","Pazopanib","DYR1A_312_324","NR",-0.5082618
"IM95","Pazopanib","LAT_194_206","NR",-0.302212954
"HSC-45","Pazopanib","TEC_512_524","NR",-0.450167656
"MKN1","Pazopanib","ART_004_EAIYAAPFAKKKXC","NR",-0.39460659
"NCI-N87","Pazopanib","VGFR3_1061_1073","NR",-0.211031601
"HSC-60","Pazopanib","VGFR2_989_1001","NR",-0.621284842
"MKN7","Pazopanib","JAK2_563_577","NR",-0.380787969
"HSC-58","Pazopanib","KSYK_518_530","NR",-0.158620596
"HSC-58","Pazopanib","C1R_199_211","NR",-0.065432787
"NUGC-3","Pazopanib","K2C8_425_437","NR",-0.265187263
"KATO III","Pazopanib","PRRX2_202_214","R",-0.517267466
"MKN1","Pazopanib","VGFR2_944_956","NR",0.048731405
"NUGC-4","Pazopanib","RASA1_453_465","NR",-0.376523614
"MKN1","Pazopanib","CRK_214_226","NR",-0.456489563
"HSC-58","Pazopanib","PDPK1_369_381","NR",-0.248632193
"HSC-59","Pazopanib","PGFRB_771_783","NR",-0.219107628
"OKAJIMA","Pazopanib","LCK_387_399","NR",-0.343242317
"44As3","Pazopanib","ERBB2_870_882","NR",-0.304149032
"OKAJIMA","Pazopanib","ODBA_340_352","NR",-0.412340552
"HSC-59","Pazopanib","MBP_198_210","NR",-0.124070227
"MKN74","Pazopanib","PRGR_786_798","NR",-0.118672609
"MKN1","Pazopanib","EFS_246_258","NR",-0.434636116
"JR-st","Pazopanib","CBL_693_705","NR",-0.417960525
"HSC-43","Pazopanib","EPHA1_774_786","R",-0.422819614
"HSC-40A","Pazopanib","VGFR2_944_956","R",-0.540931821
"NUGC-3","Pazopanib","VGFR2_1052_1064","NR",0.098266661
"SNU-16","Pazopanib","CD3Z_146_158","R",-0.00227499
"HSC-58","Pazopanib","PGFRB_1014_1028","NR",-0.241436481
"NCI-N87","Pazopanib","TYRO3_679_691","NR",-0.174715996
"HSC-40A","Pazopanib","RON_1353_1365","R",-0.162446499
"MKN74","Pazopanib","LCK_387_399","NR",-0.23551333
"SNU-16","Pazopanib","LCK_387_399","R",-0.286893845
"HSC-43","Pazopanib","DDR1_506_518","R",-0.246105313
"NCI-N87","Pazopanib","CD79A_181_193","NR",-0.362270504
"HSC-43","Pazopanib","PGFRB_771_783","R",-0.489438295
"MKN1","Pazopanib","ERBB4_1181_1193","NR",-0.460851878
"58As1","Pazopanib","ERBB4_1181_1193","NR",-0.195287704
"HSC-45","Pazopanib","RASA1_453_465","NR",-0.591892719
"MKN28","Pazopanib","EPHB1_771_783","NR",-0.219830826
"HSC-59","Pazopanib","EGFR_1103_1115","NR",-0.302218199
"MKN74","Pazopanib","SRC8_CHICK_492_504","NR",-0.768450499
"SNU-16","Pazopanib","PRGR_786_798","R",0.00866425
"HSC-60","Pazopanib","ANXA2_17_29","NR",-0.1234864
"HSC-58","Pazopanib","EPHB1_921_933","NR",-0.241840124
"HSC-59","Pazopanib","ANXA1_14_26","NR",-0.37046802
"OCUM-1","Pazopanib","CTNB1_79_91","NR",-0.075426042
"NUGC-3","Pazopanib","SRC8_CHICK_476_488","NR",-0.694531679
"HSC-43","Pazopanib","CALM_95_107","R",-0.634478211
"HSC-59","Pazopanib","LCK_387_399","NR",-0.370571613
"HSC-60","Pazopanib","DCX_109_121","NR",-0.380981684
"HSC-60","Pazopanib","SRC8_CHICK_492_504","NR",-0.71039176
"HSC-60","Pazopanib","ENOG_37_49","NR",-0.678808928
"MKN1","Pazopanib","ERBB2_1241_1253","NR",0.266444534
"SNU-16","Pazopanib","ART_004_EAIYAAPFAKKKXC","R",-0.550030828
"58As1","Pazopanib","TNNT1_2_14","NR",0.027592897
"OCUM-1","Pazopanib","EPHA2_765_777","NR",-0.299711823
"MKN45","Pazopanib","ERBB4_1277_1289","NR",0.038116455
"JR-st","Pazopanib","MK12_178_190","NR",0.02703011
"NUGC-3","Pazopanib","CDK7_157_169","NR",-0.008122444
"NUGC-3","Pazopanib","VGFR2_1046_1058","NR",-1.083987951
"HSC-43","Pazopanib","VINC_815_827","R",-0.414515853
"HSC-44PE","Pazopanib","DCX_109_121","NR",0.234286547
"HSC-39","Pazopanib","PTN11_539_551","R",-0.384374857
"HSC-59","Pazopanib","EPHA1_774_786","NR",-0.320541501
"HSC-58","Pazopanib","FER_707_719","NR",-0.24399209
"MKN7","Pazopanib","K2C6B_53_65","NR",-0.211909413
"HSC-44PE","Pazopanib","CALM_95_107","NR",0.369172931
"HSC-44PE","Pazopanib","EGFR_1103_1115","NR",-0.202732563
"SNU-16","Pazopanib","DYR1A_312_324","R",-0.330398679
"MKN74","Pazopanib","CDK7_157_169","NR",0.107108653
"HSC-44PE","Pazopanib","ART_004_EAIYAAPFAKKKXC","NR",-0.296488762
"OKAJIMA","Pazopanib","AMPE_5_17","NR",-0.273119301
"MKN1","Pazopanib","PECA1_706_718","NR",0.13877368
"NUGC-4","Pazopanib","CRK_214_226","NR",0.012355089
"MKN28","Pazopanib","CDK7_157_169","NR",0.030204376
"58As1","Pazopanib","MK07_211_223","NR",-0.333698511
"HSC-43","Pazopanib","CRK_214_226","R",-0.096038878
"HSC-45","Pazopanib","VGFR2_1052_1064","NR",-0.648568869
"NCI-N87","Pazopanib","VGFR1_1162_1174","NR",-0.117794551
"HSC-44PE","Pazopanib","EPOR_419_431","NR",-0.134599209
"NUGC-3","Pazopanib","EPHB1_921_933","NR",0.1950804
"OKAJIMA","Pazopanib","RB_804_816","NR",0.014399529
"MKN1","Pazopanib","PGFRB_771_783","NR",-0.060627777
"HSC-59","Pazopanib","ZBT16_621_633","NR",-0.186824024
"HSC-39","Pazopanib","DCX_109_121","R",-0.176698327
"IM95","Pazopanib","VGFR1_1040_1052","NR",-0.274531722
"KATO III","Pazopanib","CD3Z_146_158","R",0.251613081
"OKAJIMA","Pazopanib","PAXI_24_36","NR",-0.046794336
"JR-st","Pazopanib","VGFR2_1046_1058","NR",0.060738862
"HSC-59","Pazopanib","DYR1A_212_224","NR",0.08997339
"MKN1","Pazopanib","FAK2_572_584","NR",0.135372475
"OCUM-1","Pazopanib","CD79A_181_193","NR",-0.608750582
"OCUM-1","Pazopanib","VGFR1_1206_1218","NR",-0.209586263
"HSC-45","Pazopanib","EPHB4_583_595","NR",-0.249210835
"OCUM-1","Pazopanib","VGFR1_1162_1174","NR",-0.213772178
"OKAJIMA","Pazopanib","RET_1022_1034","NR",0.357169777
"IM95","Pazopanib","VGFR1_1162_1174","NR",-0.117136061
"44As3","Pazopanib","ODBA_340_352","NR",-0.281660676
"JR-st","Pazopanib","MK14_173_185","NR",-0.344451547
"OCUM-1","Pazopanib","FRK_380_392","NR",-0.54939878
"MKN74","Pazopanib","FGFR3_753_765","NR",-0.313993573
"MKN1","Pazopanib","ACHD_383_395","NR",-0.100469671
"NUGC-4","Pazopanib","PECA1_706_718","NR",-0.584264517
"KATO III","Pazopanib","FGFR1_761_773","R",-1.150619507
"44As3","Pazopanib","FGFR2_762_774","NR",-0.303599834
"44As3","Pazopanib","EGFR_1190_1202","NR",-0.018385887
"MKN74","Pazopanib","MBP_259_271","NR",-0.048737288
"NUGC-3","Pazopanib","CD79A_181_193","NR",-0.700169563
"JR-st","Pazopanib","ZBT16_621_633","NR",0.180340528
"NUGC-4","Pazopanib","RAF1_332_344","NR",-0.299381137
"NUGC-4","Pazopanib","MK12_178_190","NR",0.102955222
"MKN74","Pazopanib","EPOR_361_373","NR",-0.433843613
"OCUM-1","Pazopanib","LCK_387_399","NR",-0.357751846
"MKN28","Pazopanib","VGFR2_989_1001","NR",-0.230268955
"OKAJIMA","Pazopanib","ANXA2_17_29","NR",-0.142729089
"HSC-45","Pazopanib","PGFRB_709_721","NR",-0.708075285
"HSC-45","Pazopanib","FGFR3_753_765","NR",-0.309525967
"OCUM-1","Pazopanib","ZBT16_621_633","NR",-0.212649405
"OKAJIMA","Pazopanib","DYR1A_212_224","NR",-0.31188193
"NCI-N87","Pazopanib","FAK1_569_581","NR",-0.223565102
"HSC-44PE","Pazopanib","RB_804_816","NR",-0.317790151
"NCI-N87","Pazopanib","EPHA7_607_619","NR",-0.390517145
"HSC-40A","Pazopanib","CD3Z_146_158","R",-0.230029643
"NUGC-3","Pazopanib","JAK2_563_577","NR",-0.298948646
"HSC-60","Pazopanib","ANXA1_14_26","NR",-0.448938727
"IM95","Pazopanib","ANXA2_17_29","NR",-0.310151279
"HSC-60","Pazopanib","FGFR2_762_774","NR",-0.509040356
"HSC-44PE","Pazopanib","P85A_600_612","NR",-0.663414836
"58As1","Pazopanib","FGFR2_762_774","NR",-0.317673683
"NUGC-4","Pazopanib","NCF1_313_325","NR",0.054235816
"HSC-59","Pazopanib","ERBB4_1277_1289","NR",-0.455848694
"HSC-43","Pazopanib","EPHA4_589_601","R",-0.206950068
"MKN45","Pazopanib","C1R_199_211","NR",0.486392349
"MKN1","Pazopanib","ERBB4_1277_1289","NR",0.02953124
"MKN45","Pazopanib","PLCG1_764_776","NR",-0.27327013
"MKN7","Pazopanib","ENOG_37_49","NR",-0.770056486
"KATO III","Pazopanib","VGFR1_1040_1052","R",-0.103404641
"HSC-45","Pazopanib","CD3Z_116_128","NR",-0.312482834
"44As3","Pazopanib","ZBT16_621_633","NR",0.000618696
"HSC-45","Pazopanib","VGFR1_1206_1218","NR",0.02235508
"OKAJIMA","Pazopanib","VINC_815_827","NR",0.008846998
"JR-st","Pazopanib","PDPK1_369_381","NR",-0.323693037
"HSC-40A","Pazopanib","MK01_180_192","R",-0.170524359
"NUGC-4","Pazopanib","PRGR_786_798","NR",-0.158355772
"HSC-58","Pazopanib","FAK2_572_584","NR",-0.09375453
"HSC-39","Pazopanib","CRK_214_226","R",-0.165551662
"HSC-43","Pazopanib","SRC8_CHICK_470_482","R",-0.276364088
"HSC-40A","Pazopanib","PRRX2_202_214","R",-0.414988756
"HSC-40A","Pazopanib","VGFR3_1061_1073","R",-0.103217483
"44As3","Pazopanib","FGFR3_753_765","NR",-0.353398442
"SNU-16","Pazopanib","INSR_992_1004","R",-0.289258122
"MKN28","Pazopanib","ERBB4_1277_1289","NR",-0.24720113
"44As3","Pazopanib","MK01_180_192","NR",0.11221844
"KATO III","Pazopanib","CBL_693_705","R",-0.61291182
"HSC-58","Pazopanib","DYR1A_212_224","NR",-0.164899349
"HSC-40A","Pazopanib","EPHA2_765_777","R",-0.470747948
"HSC-39","Pazopanib","RASA1_453_465","R",-0.611309409
"SNU-16","Pazopanib","EPHA1_774_786","R",-0.279142857
"MKN45","Pazopanib","PGFRB_709_721","NR",-0.234388664
"HSC-58","Pazopanib","PDPK1_2_14","NR",-0.221164465
"HSC-59","Pazopanib","DCX_109_121","NR",-0.240384102
"HSC-43","Pazopanib","PGFRB_1002_1014","R",-0.576645851
"HSC-40A","Pazopanib","MBP_198_210","R",-0.232881784
"MKN28","Pazopanib","EPHA1_774_786","NR",-0.154473141
"HSC-60","Pazopanib","MK14_173_185","NR",0.28598243
"HSC-40A","Pazopanib","EPHA7_607_619","R",-0.56528914
"IM95","Pazopanib","FGFR3_753_765","NR",-0.360087395
"HSC-44PE","Pazopanib","VGFR2_944_956","NR",0.02632153
"58As1","Pazopanib","VGFR2_989_1001","NR",-0.171007395
"HSC-40A","Pazopanib","MK14_173_185","R",-0.166644454
"HSC-39","Pazopanib","ZBT16_621_633","R",-0.00277257
"MKN7","Pazopanib","MK12_178_190","NR",-0.070446253
"HSC-58","Pazopanib","EGFR_1165_1177","NR",-0.254812717
"OCUM-1","Pazopanib","PP2AB_297_309","NR",-0.078889132
"NUGC-4","Pazopanib","CDK7_157_169","NR",-0.039922774
"OKAJIMA","Pazopanib","CD3Z_116_128","NR",0.021314958
"HSC-43","Pazopanib","ERBB4_1181_1193","R",-0.300728559
"OCUM-1","Pazopanib","JAK1_1015_1027","NR",-0.273258924
"HSC-59","Pazopanib","FES_706_718","NR",-0.444325686
"HSC-60","Pazopanib","NTRK2_696_708","NR",-0.492034316
"HSC-60","Pazopanib","EPHB4_583_595","NR",-0.126980007
"NUGC-4","Pazopanib","MET_1227_1239","NR",-0.398477554
"JR-st","Pazopanib","NTRK2_696_708","NR",-0.154615164
"KATO III","Pazopanib","EPHB4_583_595","R",-0.176790774
"KATO III","Pazopanib","RON_1346_1358","R",-0.976544142
"MKN7","Pazopanib","MET_1227_1239","NR",-0.492009044
"44As3","Pazopanib","P85A_600_612","NR",-0.704480171
"SNU-16","Pazopanib","FRK_380_392","R",-0.474456668
"HSC-58","Pazopanib","PRRX2_202_214","NR",-0.118479729
"IM95","Pazopanib","NPT2A_501_513","NR",-0.146232486
"HSC-58","Pazopanib","VGFR1_1162_1174","NR",-0.086746216
"NCI-N87","Pazopanib","RON_1346_1358","NR",-0.290886402
"HSC-45","Pazopanib","ODBA_340_352","NR",-0.591989279
"NUGC-3","Pazopanib","SRC8_CHICK_492_504","NR",-0.798022985
"HSC-59","Pazopanib","EPHA4_589_601","NR",-0.242497802
"HSC-40A","Pazopanib","EFS_246_258","R",-0.755642414
"HSC-58","Pazopanib","FGFR1_761_773","NR",-0.212931871
"58As1","Pazopanib","EPHA4_589_601","NR",0.058492184
"HSC-58","Pazopanib","MBP_198_210","NR",-0.00412941
"HSC-59","Pazopanib","SRC8_CHICK_476_488","NR",-0.521933317
"HSC-45","Pazopanib","CRK_214_226","NR",-0.219055891
"MKN1","Pazopanib","LAT_194_206","NR",-0.035598915
"HSC-60","Pazopanib","NCF1_313_325","NR",-0.331704617
"NUGC-3","Pazopanib","VGFR1_1049_1061","NR",0.105480075
"NUGC-4","Pazopanib","FES_706_718","NR",-0.539714813
"SNU-16","Pazopanib","ACHD_383_395","R",-0.265461445
"OKAJIMA","Pazopanib","EPHB4_583_595","NR",0.254362971
"NUGC-4","Pazopanib","CALM_95_107","NR",-0.339333057
"MKN74","Pazopanib","FGFR1_761_773","NR",-0.310312033
"HSC-44PE","Pazopanib","EPHB1_921_933","NR",-0.043505669
"MKN7","Pazopanib","EGFR_1165_1177","NR",-0.189183354
"NUGC-3","Pazopanib","JAK1_1015_1027","NR",-0.261445284
"IM95","Pazopanib","ANXA1_14_26","NR",-0.497183084
"OCUM-1","Pazopanib","MBP_198_210","NR",0.126673162
"OCUM-1","Pazopanib","VGFR2_1168_1180","NR",-0.223105669
"KATO III","Pazopanib","ZAP70_485_497","R",-0.8503654
"MKN1","Pazopanib","PP2AB_297_309","NR",-0.134198666
"MKN28","Pazopanib","EGFR_1190_1202","NR",-0.203169659
"MKN1","Pazopanib","ENOG_37_49","NR",-0.268683285
"HSC-59","Pazopanib","K2C8_425_437","NR",-0.30904305
"44As3","Pazopanib","VGFR2_944_956","NR",-0.236115336
"MKN1","Pazopanib","CBL_693_705","NR",-0.260080338
"NCI-N87","Pazopanib","CD3Z_116_128","NR",-0.367933303
"HSC-45","Pazopanib","MET_1227_1239","NR",-0.464800119
"NUGC-3","Pazopanib","LAT_194_206","NR",-0.168198109
"HSC-59","Pazopanib","LAT_249_261","NR",-0.258329153
"58As1","Pazopanib","INSR_992_1004","NR",0.101226807
"MKN74","Pazopanib","B3AT_39_51","NR",-0.229547024
"NUGC-4","Pazopanib","P85A_600_612","NR",-0.495198488
"NUGC-4","Pazopanib","ENOG_37_49","NR",-0.667757034
"NUGC-4","Pazopanib","VGFR2_1168_1180","NR",-0.321671963
"HSC-59","Pazopanib","RET_1022_1034","NR",-0.309632778
"OKAJIMA","Pazopanib","RON_1346_1358","NR",-0.023229361
"MKN1","Pazopanib","PGFRB_768_780","NR",-0.132680342
"58As1","Pazopanib","MK10_216_228","NR",-0.092973232
"OKAJIMA","Pazopanib","ERBB4_1277_1289","NR",0.032203596
"HSC-58","Pazopanib","CALM_95_107","NR",-0.090825081
"58As1","Pazopanib","VGFR3_1061_1073","NR",-0.05919981
"IM95","Pazopanib","B3AT_39_51","NR",-0.068047762
"SNU-16","Pazopanib","FGFR1_761_773","R",-0.298927069
"HSC-40A","Pazopanib","NTRK1_489_501","R",-0.074469209
"HSC-60","Pazopanib","FGFR3_753_765","NR",-0.501112938
"HSC-40A","Pazopanib","TEC_512_524","R",-0.341911435
"OKAJIMA","Pazopanib","MK10_216_228","NR",0.09631101
"HSC-43","Pazopanib","NTRK2_696_708","R",-0.492627382
